{"eval_criterium": {"train-uUB-mae": 1, "test-uUB-qloss0.9": 1}, "config394": {"SATS_domain": "LSVM", "bidder_type": "national", "num_test_data": 1024, "num_val_data": 0, "num_train_data": 50, "data_gen_method": "admissible_random_uniform", "q": [0, 0.6, 0.75, 0.9, 0.95, 1], "seeds": [1, 2, 3, 4, 5, 6, 7, 8, 9, 10, 11, 12, 13, 14, 15, 16, 17, 18, 19, 20, 21, 22, 23, 24, 25, 26, 27, 28, 29, 30, 31, 32, 33, 34, 35, 36, 37, 38, 39, 40, 41, 42, 43, 44, 45, 46, 47, 48, 49, 50, 51, 52, 53, 54, 55, 56, 57, 58, 59, 60, 61, 62, 63, 64, 65, 66, 67, 68, 69, 70, 71, 72, 73, 74, 75, 76, 77, 78, 79, 80, 81, 82, 83, 84, 85, 86, 87, 88, 89, 90, 91, 92, 93, 94, 95, 96, 97, 98, 99, 100], "network_type": "MVNN", "batch_size": 50, "epochs": 8000, "l2": 1.021582578103203e-08, "loss_func": "torch.nn.SmoothL1Loss(beta=1 / 64)", "lr": 0.00880418386516662, "num_hidden_layers": 2, "num_hidden_units": 32, "architecture": [32, 2], "dropout_prob": 0.16808502373414838, "dropout_prob_decay": 0.826793604032347, "optimizer": "Adam", "clip_grad_norm": 0.00136321982407232, "n_aug": 128, "pi_sqr": 1, "pi_exp": 0.06588040627095994, "pi_above_mean": 89.92178955691882, "c_exp": 74.24801540945919, "init_method": "custom", "random_ts": [0, 1], "trainable_ts": false, "init_E": 1.8567215024241497, "init_Var": 0.030728477043395864, "init_b": 0.05, "init_bias": 0.05, "init_little_const": 0.1, "lin_skip_connection": false}, "results": {"test-scaled-r2": 0.5697791584497132, "test-scaled-kendall_tau": 0.733940411809601, "test-scaled-mae": 0.055080778231435944, "test-scaled-qloss0": 0.03259237250313617, "test-scaled-qloss0.6": 0.02652999243823433, "test-scaled-qloss0.75": 0.02501439742200887, "test-scaled-qloss0.9": 0.023498802405783406, "test-scaled-qloss0.95": 0.02299360406704159, "test-scaled-qloss1": 0.022488405728299767, "test-scaled-uUB-r2": 0.04527546810137792, "test-scaled-uUB-mae": 0.097024100672553, "test-scaled-uUB-qloss0": 0.08802924456404071, "test-scaled-uUB-qloss0.6": 0.04060861149072367, "test-scaled-uUB-qloss0.75": 0.0287534532223944, "test-scaled-uUB-qloss0.9": 0.01689829495406513, "test-scaled-uUB-qloss0.95": 0.012946575531288718, "test-scaled-uUB-qloss1": 0.008994856108512295, "test-r2": 0.5697791584497133, "test-kendall_tau": 0.733940411809601, "test-mae": 24.979912697228933, "test-qloss0": 14.78661915707605, "test-qloss0.6": 12.030623786922147, "test-qloss0.75": 11.341624944383677, "test-qloss0.9": 10.6526261018452, "test-qloss0.95": 10.42295982099904, "test-qloss1": 10.193293540152878, "test-uUB-r2": 0.0452754681013779, "test-uUB-mae": 44.037886970193185, "test-uUB-qloss0": 39.9589349055041, "test-uUB-qloss0.6": 18.430945201015092, "test-uUB-qloss0.75": 13.048947774892838, "test-uUB-qloss0.9": 7.666950348770578, "test-uUB-qloss0.95": 5.872951206729831, "test-uUB-qloss1": 4.078952064689078, "test-0-to-0": 1.0, "test-uUB-0-to-0": 1.0, "test-monotonicity_satisfied": 1.0, "test-uUB-monotonicity_satisfied": 1.0, "train-best_epoch": 7658.08, "train-attempts": 1.0, "train-best_attempt": 1.0, "train-time_min": 1.6848025808333336, "train-loss": 3.239736043525454e-06, "train-loss_a": 1.5824324911103469e-09, "train-loss_b": 1.5961292825938943e-07, "train-loss_c": 3.078540674579244e-06, "train-scaled-r2": 0.9999999988889637, "train-scaled-kendall_tau": 0.999991835068041, "train-scaled-mae": 2.1096803247928613e-07, "train-scaled-qloss0": 1.0475441813468935e-07, "train-scaled-qloss0.6": 1.0562993586063385e-07, "train-scaled-qloss0.75": 1.0584881529212005e-07, "train-scaled-qloss0.9": 1.0606769472360616e-07, "train-scaled-qloss0.95": 1.0614065453410143e-07, "train-scaled-qloss1": 1.062136143445969e-07, "train-scaled-uUB-r2": 0.9999990262234842, "train-scaled-uUB-mae": 3.417330570518972e-05, "train-scaled-uUB-qloss0": 4.798212647438049e-06, "train-scaled-uUB-qloss0.6": 1.954434089362621e-05, "train-scaled-uUB-qloss0.75": 2.3230872955173256e-05, "train-scaled-uUB-qloss0.9": 2.6917405016720306e-05, "train-scaled-uUB-qloss0.95": 2.8146249037235984e-05, "train-scaled-uUB-qloss1": 2.937509305775167e-05, "train-r2": 0.9999999988889637, "train-kendall_tau": 0.999991835068041, "train-mae": 9.508783690417878e-05, "train-qloss0": 4.720907412859104e-05, "train-qloss0.6": 4.761088731678913e-05, "train-qloss0.75": 4.7711340613838564e-05, "train-qloss0.9": 4.781179391088809e-05, "train-qloss0.95": 4.784527834323796e-05, "train-qloss1": 4.787876277558779e-05, "train-uUB-r2": 0.9999990262234842, "train-uUB-mae": 0.015559497625658837, "train-uUB-qloss0": 0.002205486412650726, "train-uUB-qloss0.6": 0.008894601292865165, "train-uUB-qloss0.75": 0.010566880012918767, "train-uUB-qloss0.9": 0.012239158732972375, "train-uUB-qloss0.95": 0.012796584972990244, "train-uUB-qloss1": 0.013354011213008117}}