{"eval_criterium": {"train-uUB-mae": 1, "test-uUB-qloss0.6": 1}, "config102": {"SATS_domain": "LSVM", "bidder_type": "regional", "num_test_data": 1024, "num_val_data": 0, "num_train_data": 50, "data_gen_method": "admissible_random_uniform", "q": [0, 0.6, 0.75, 0.9, 0.95, 1], "seeds": [1, 2, 3, 4, 5, 6, 7, 8, 9, 10, 11, 12, 13, 14, 15, 16, 17, 18, 19, 20, 21, 22, 23, 24, 25, 26, 27, 28, 29, 30, 31, 32, 33, 34, 35, 36, 37, 38, 39, 40, 41, 42, 43, 44, 45, 46, 47, 48, 49, 50, 51, 52, 53, 54, 55, 56, 57, 58, 59, 60, 61, 62, 63, 64, 65, 66, 67, 68, 69, 70, 71, 72, 73, 74, 75, 76, 77, 78, 79, 80, 81, 82, 83, 84, 85, 86, 87, 88, 89, 90, 91, 92, 93, 94, 95, 96, 97, 98, 99, 100], "network_type": "MVNN", "batch_size": 13, "epochs": 1430, "l2": 1.5855859469360584e-07, "loss_func": "torch.nn.SmoothL1Loss(beta=1 / 32)", "lr": 0.002844043743271637, "num_hidden_layers": 1, "num_hidden_units": 96, "architecture": [96, 1], "dropout_prob": 0.768111217605206, "dropout_prob_decay": 0.973130135345044, "optimizer": "Adam", "clip_grad_norm": 0.14851176257149776, "n_aug": 272, "pi_sqr": 1, "pi_exp": 1.025886522315589e-05, "pi_above_mean": 165.77371012033927, "c_exp": 87.61653348775857, "init_method": "custom", "random_ts": [0, 1], "trainable_ts": false, "init_E": 1.3933242665498653, "init_Var": 0.03037676533801837, "init_b": 0.05, "init_bias": 0.05, "init_little_const": 0.1, "lin_skip_connection": true}, "results": {"test-scaled-r2": 0.9326164881641007, "test-scaled-kendall_tau": 0.8642307206251827, "test-scaled-mae": 0.03473714200028666, "test-scaled-qloss0": 0.017178501888230918, "test-scaled-qloss0.6": 0.017406584822525807, "test-scaled-qloss0.75": 0.017463605556099535, "test-scaled-qloss0.9": 0.017520626289673265, "test-scaled-qloss0.95": 0.017539633200864494, "test-scaled-qloss1": 0.01755864011205574, "test-scaled-uUB-r2": 0.9267433093821245, "test-scaled-uUB-mae": 0.03658854891611278, "test-scaled-uUB-qloss0": 0.020657806836341955, "test-scaled-uUB-qloss0.6": 0.017821567982399273, "test-scaled-uUB-qloss0.75": 0.017112508268913605, "test-scaled-uUB-qloss0.9": 0.016403448555427944, "test-scaled-uUB-qloss0.95": 0.016167095317599384, "test-scaled-uUB-qloss1": 0.015930742079770823, "test-r2": 0.9326164881641007, "test-kendall_tau": 0.8642307206251827, "test-mae": 9.19159689761777, "test-qloss0": 4.5015984885248965, "test-qloss0.6": 4.6146384408656775, "test-qloss0.75": 4.6428984289508755, "test-qloss0.9": 4.671158417036069, "test-qloss0.95": 4.680578413064471, "test-qloss1": 4.689998409092871, "test-uUB-r2": 0.9267433093821243, "test-uUB-mae": 9.673567209331978, "test-uUB-qloss0": 5.4467871077262195, "test-uUB-qloss0.6": 4.714782904053943, "test-uUB-qloss0.75": 4.531781853135872, "test-uUB-qloss0.9": 4.348780802217806, "test-uUB-qloss0.95": 4.287780451911783, "test-uUB-qloss1": 4.226780101605761, "test-0-to-0": 1.0, "test-uUB-0-to-0": 1.0, "test-monotonicity_satisfied": 1.0, "test-uUB-monotonicity_satisfied": 1.0, "train-best_epoch": 1326.25, "train-attempts": 1.0, "train-best_attempt": 1.0, "train-time_min": 1.0016598793333331, "train-loss": 1.8545067347770328e-05, "train-loss_a": 1.036060696109478e-06, "train-loss_b": 1.0546252937496384e-05, "train-loss_c": 6.962753587040993e-06, "train-scaled-r2": 0.9999992115649355, "train-scaled-kendall_tau": 0.9971210481860052, "train-scaled-mae": 3.3667978104156765e-05, "train-scaled-qloss0": 1.6960213165683063e-05, "train-scaled-qloss0.6": 1.6808744229357438e-05, "train-scaled-qloss0.75": 1.6770876995276042e-05, "train-scaled-qloss0.9": 1.673300976119465e-05, "train-scaled-qloss0.95": 1.6720387349834163e-05, "train-scaled-qloss1": 1.67077649384737e-05, "train-scaled-uUB-r2": 0.9999688725536431, "train-scaled-uUB-mae": 0.0001612909347372295, "train-scaled-uUB-qloss0": 2.084223261048806e-05, "train-scaled-uUB-qloss0.6": 9.260611432024008e-05, "train-scaled-uUB-qloss0.75": 0.00011054708474767803, "train-scaled-uUB-qloss0.9": 0.00012848805517511603, "train-scaled-uUB-qloss0.95": 0.0001344683786509287, "train-scaled-uUB-qloss1": 0.0001404487021267414, "train-r2": 0.9999992115649355, "train-kendall_tau": 0.9971210481860052, "train-mae": 0.0066185472018684055, "train-qloss0": 0.0033941289445192074, "train-qloss0.6": 0.0032923025322172004, "train-qloss0.75": 0.003266845929141698, "train-qloss0.9": 0.0032413893260661974, "train-qloss0.95": 0.0032329037917076973, "train-qloss1": 0.003224418257349198, "train-uUB-r2": 0.9999688725536431, "train-uUB-mae": 0.03581579002851614, "train-uUB-qloss0": 0.004826477515524698, "train-uUB-qloss0.6": 0.020524178514004742, "train-uUB-qloss0.75": 0.024448603763624753, "train-uUB-qloss0.9": 0.028373029013244778, "train-uUB-qloss0.95": 0.02968117076311811, "train-uUB-qloss1": 0.03098931251299146}}