{"eval_criterium": {"train-uUB-mae": 1, "test-uUB-qloss0.75": 1}, "config207": {"SATS_domain": "LSVM", "bidder_type": "national", "num_test_data": 1024, "num_val_data": 0, "num_train_data": 50, "data_gen_method": "admissible_random_uniform", "q": [0, 0.6, 0.75, 0.9, 0.95, 1], "seeds": [1, 2, 3, 4, 5, 6, 7, 8, 9, 10, 11, 12, 13, 14, 15, 16, 17, 18, 19, 20, 21, 22, 23, 24, 25, 26, 27, 28, 29, 30, 31, 32, 33, 34, 35, 36, 37, 38, 39, 40, 41, 42, 43, 44, 45, 46, 47, 48, 49, 50, 51, 52, 53, 54, 55, 56, 57, 58, 59, 60, 61, 62, 63, 64, 65, 66, 67, 68, 69, 70, 71, 72, 73, 74, 75, 76, 77, 78, 79, 80, 81, 82, 83, 84, 85, 86, 87, 88, 89, 90, 91, 92, 93, 94, 95, 96, 97, 98, 99, 100], "network_type": "MVNN", "batch_size": 25, "epochs": 3250, "l2": 6.640017299394197e-09, "loss_func": "torch.nn.SmoothL1Loss(beta=1 / 32)", "lr": 0.0021889480493542585, "num_hidden_layers": 2, "num_hidden_units": 32, "architecture": [32, 2], "dropout_prob": 0.46620601913382465, "dropout_prob_decay": 0.9905772662556739, "optimizer": "Adam", "clip_grad_norm": 0.00011944425369210064, "n_aug": 496, "pi_sqr": 1, "pi_exp": 0.0003557234381810194, "pi_above_mean": 162.67352646879925, "c_exp": 159.50134922525456, "init_method": "custom", "random_ts": [0, 1], "trainable_ts": false, "init_E": 1.027732435053453, "init_Var": 0.12778110536984721, "init_b": 0.05, "init_bias": 0.05, "init_little_const": 0.1, "lin_skip_connection": true}, "results": {"test-scaled-r2": 0.5707001390847867, "test-scaled-kendall_tau": 0.7691645943039117, "test-scaled-mae": 0.0533498280973447, "test-scaled-qloss0": 0.030981231330297305, "test-scaled-qloss0.6": 0.025813650592347345, "test-scaled-qloss0.75": 0.02452175540785987, "test-scaled-qloss0.9": 0.0232298602233724, "test-scaled-qloss0.95": 0.022799228495209895, "test-scaled-qloss1": 0.022368596767047392, "test-scaled-uUB-r2": 0.47632906900015337, "test-scaled-uUB-mae": 0.063119985747702, "test-scaled-uUB-qloss0": 0.04634770847143955, "test-scaled-uUB-qloss0.6": 0.028602449754333285, "test-scaled-uUB-qloss0.75": 0.02416613507505673, "test-scaled-uUB-qloss0.9": 0.01972982039578016, "test-scaled-uUB-qloss0.95": 0.018251048836021314, "test-scaled-uUB-qloss1": 0.016772277276262456, "test-r2": 0.5707001390847867, "test-kendall_tau": 0.7691645943039117, "test-mae": 24.182606623517287, "test-qloss0": 14.043763854557758, "test-qloss0.6": 11.700811203198816, "test-qloss0.75": 11.115073040359077, "test-qloss0.9": 10.529334877519336, "test-qloss0.95": 10.334088823239428, "test-qloss1": 10.138842768959513, "test-uUB-r2": 0.47632906900015337, "test-uUB-mae": 28.613421134304243, "test-uUB-qloss0": 21.004250892738877, "test-uUB-qloss0.6": 12.967202502034777, "test-uUB-qloss0.75": 10.957940404358752, "test-uUB-qloss0.9": 8.948678306682725, "test-uUB-qloss0.95": 8.278924274124046, "test-uUB-qloss1": 7.609170241565369, "test-0-to-0": 1.0, "test-uUB-0-to-0": 1.0, "test-monotonicity_satisfied": 1.0, "test-uUB-monotonicity_satisfied": 1.0, "train-best_epoch": 3123.63, "train-attempts": 1.0, "train-best_attempt": 1.0, "train-time_min": 1.395194547833333, "train-loss": 4.001219623482655e-05, "train-loss_a": 3.905107994833113e-05, "train-loss_b": 3.9329139574738325e-07, "train-loss_c": 5.678248570539779e-07, "train-scaled-r2": 0.9999270995221272, "train-scaled-kendall_tau": 0.9899428571428576, "train-scaled-mae": 0.00045312201194465157, "train-scaled-qloss0": 0.00022390130497515208, "train-scaled-qloss0.6": 0.00022709294617176057, "train-scaled-qloss0.75": 0.00022789085647091263, "train-scaled-qloss0.9": 0.00022868876677006493, "train-scaled-qloss0.95": 0.0002289547368697821, "train-scaled-qloss1": 0.00022922070696949955, "train-scaled-uUB-r2": 0.9999984051047354, "train-scaled-uUB-mae": 7.342982776463031e-05, "train-scaled-uUB-qloss0": 1.1018898338079457e-05, "train-scaled-uUB-qloss0.6": 4.1854116991162285e-05, "train-scaled-uUB-qloss0.75": 4.956292165443304e-05, "train-scaled-uUB-qloss0.9": 5.7271726317703736e-05, "train-scaled-uUB-qloss0.95": 5.984132787212728e-05, "train-scaled-uUB-qloss1": 6.241092942655087e-05, "train-r2": 0.9999270995221272, "train-kendall_tau": 0.9899428571428576, "train-mae": 0.20500870713294225, "train-qloss0": 0.10124925611681335, "train-qloss0.6": 0.10275537305640262, "train-qloss0.75": 0.10313190229129994, "train-qloss0.9": 0.10350843152619729, "train-qloss0.95": 0.10363394127116306, "train-qloss1": 0.1037594510161288, "train-uUB-r2": 0.9999984051047354, "train-uUB-mae": 0.0331320575803678, "train-uUB-qloss0": 0.004969121360853161, "train-uUB-qloss0.6": 0.018885410276050042, "train-uUB-qloss0.75": 0.022364482504849265, "train-uUB-qloss0.9": 0.025843554733648487, "train-uUB-qloss0.95": 0.027003245476581565, "train-uUB-qloss1": 0.028162936219514642}}