{"eval_criterium": {"train-uUB-mae": 1, "test-uUB-qloss0.6": 1}, "config437": {"SATS_domain": "LSVM", "bidder_type": "national", "num_test_data": 1024, "num_val_data": 0, "num_train_data": 50, "data_gen_method": "admissible_random_uniform", "q": [0, 0.6, 0.75, 0.9, 0.95, 1], "seeds": [1, 2, 3, 4, 5, 6, 7, 8, 9, 10, 11, 12, 13, 14, 15, 16, 17, 18, 19, 20, 21, 22, 23, 24, 25, 26, 27, 28, 29, 30, 31, 32, 33, 34, 35, 36, 37, 38, 39, 40, 41, 42, 43, 44, 45, 46, 47, 48, 49, 50, 51, 52, 53, 54, 55, 56, 57, 58, 59, 60, 61, 62, 63, 64, 65, 66, 67, 68, 69, 70, 71, 72, 73, 74, 75, 76, 77, 78, 79, 80, 81, 82, 83, 84, 85, 86, 87, 88, 89, 90, 91, 92, 93, 94, 95, 96, 97, 98, 99, 100], "network_type": "MVNN", "batch_size": 50, "epochs": 4500, "l2": 3.1813103301100924e-09, "loss_func": "torch.nn.SmoothL1Loss(beta=1 / 32)", "lr": 0.0012375290040445475, "num_hidden_layers": 3, "num_hidden_units": 16, "architecture": [16, 3], "dropout_prob": 0.0006669144474724221, "dropout_prob_decay": 0.866678985083297, "optimizer": "Adam", "clip_grad_norm": 0.06176923964456437, "n_aug": 320, "pi_sqr": 1, "pi_exp": 1.410644655356945e-05, "pi_above_mean": 108.688250376847, "c_exp": 95.5186442503409, "init_method": "custom", "random_ts": [0, 1], "trainable_ts": false, "init_E": 1.0988890289677877, "init_Var": 0.03523427307593, "init_b": 0.05, "init_bias": 0.05, "init_little_const": 0.1, "lin_skip_connection": false}, "results": {"test-scaled-r2": 0.5805456659318969, "test-scaled-kendall_tau": 0.7500478034602679, "test-scaled-mae": 0.053885090754549905, "test-scaled-qloss0": 0.030578595577499073, "test-scaled-qloss0.6": 0.026215335337230132, "test-scaled-qloss0.75": 0.025124520277162894, "test-scaled-qloss0.9": 0.024033705217095656, "test-scaled-qloss0.95": 0.023670100197073253, "test-scaled-qloss1": 0.023306495177050836, "test-scaled-uUB-r2": 0.5605632531350858, "test-scaled-uUB-mae": 0.05419781184317116, "test-scaled-uUB-qloss0": 0.03273509785461101, "test-scaled-uUB-qloss0.6": 0.025971667534980498, "test-scaled-uUB-qloss0.75": 0.02428080995507287, "test-scaled-uUB-qloss0.9": 0.022589952375165236, "test-scaled-uUB-qloss0.95": 0.022026333181862704, "test-scaled-uUB-qloss1": 0.021462713988560155, "test-r2": 0.5805456659318967, "test-kendall_tau": 0.7500478034602679, "test-mae": 24.425920180723942, "test-qloss0": 13.856642200128624, "test-qloss0.6": 11.884223668408643, "test-qloss0.75": 11.391119035478646, "test-qloss0.9": 10.898014402548647, "test-qloss0.95": 10.733646191571989, "test-qloss1": 10.569277980595313, "test-uUB-r2": 0.5605632531350858, "test-uUB-mae": 24.573248438905715, "test-uUB-qloss0": 14.852347806241664, "test-uUB-qloss0.6": 11.773479502095112, "test-uUB-qloss0.75": 11.003762426058465, "test-uUB-qloss0.9": 10.234045350021832, "test-uUB-qloss0.95": 9.977472991342951, "test-uUB-qloss1": 9.72090063266407, "test-0-to-0": 1.0, "test-uUB-0-to-0": 1.0, "test-monotonicity_satisfied": 1.0, "test-uUB-monotonicity_satisfied": 1.0, "train-best_epoch": 4133.69, "train-attempts": 1.0, "train-best_attempt": 1.0, "train-time_min": 1.1382318036666672, "train-loss": 3.0324701079962323e-05, "train-loss_a": 2.7095131147694274e-06, "train-loss_b": 1.3769818296296422e-05, "train-loss_c": 1.38453696928309e-05, "train-scaled-r2": 0.999995272862294, "train-scaled-kendall_tau": 0.9964734693877556, "train-scaled-mae": 0.0001312482658773661, "train-scaled-qloss0": 6.550007313489916e-05, "train-scaled-qloss0.6": 6.56489448994398e-05, "train-scaled-qloss0.75": 6.568616284057499e-05, "train-scaled-qloss0.9": 6.572338078171015e-05, "train-scaled-qloss0.95": 6.573578676208855e-05, "train-scaled-qloss1": 6.574819274246693e-05, "train-scaled-uUB-r2": 0.9999068343252783, "train-scaled-uUB-mae": 0.0006394043955951931, "train-scaled-uUB-qloss0": 7.438806034624578e-05, "train-scaled-uUB-qloss0.6": 0.0003687650252878666, "train-scaled-uUB-qloss0.75": 0.0004423592665232718, "train-scaled-uUB-qloss0.9": 0.0005159535077586769, "train-scaled-uUB-qloss0.95": 0.0005404849215038117, "train-scaled-uUB-qloss1": 0.0005650163352489469, "train-r2": 0.999995272862294, "train-kendall_tau": 0.9964734693877556, "train-mae": 0.05974115297425978, "train-qloss0": 0.029814988038854563, "train-qloss0.6": 0.029881694176784945, "train-qloss0.75": 0.029898370711267525, "train-qloss0.9": 0.029915047245750132, "train-qloss0.95": 0.029920606090577673, "train-qloss1": 0.029926164935405196, "train-uUB-r2": 0.9999068343252783, "train-uUB-mae": 0.2908008208305214, "train-uUB-qloss0": 0.03381531183280381, "train-uUB-qloss0.6": 0.16771743013175208, "train-uUB-qloss0.75": 0.20119295970648918, "train-uUB-qloss0.9": 0.23466848928122627, "train-uUB-qloss0.95": 0.24582699913947195, "train-uUB-qloss1": 0.25698550899771777}}