{"eval_criterium": {"train-uUB-mae": 1, "test-uUB-qloss0.75": 1}, "config125": {"SATS_domain": "LSVM", "bidder_type": "regional", "num_test_data": 1024, "num_val_data": 0, "num_train_data": 50, "data_gen_method": "admissible_random_uniform", "q": [0, 0.6, 0.75, 0.9, 0.95, 1], "seeds": [1, 2, 3, 4, 5, 6, 7, 8, 9, 10, 11, 12, 13, 14, 15, 16, 17, 18, 19, 20, 21, 22, 23, 24, 25, 26, 27, 28, 29, 30, 31, 32, 33, 34, 35, 36, 37, 38, 39, 40, 41, 42, 43, 44, 45, 46, 47, 48, 49, 50, 51, 52, 53, 54, 55, 56, 57, 58, 59, 60, 61, 62, 63, 64, 65, 66, 67, 68, 69, 70, 71, 72, 73, 74, 75, 76, 77, 78, 79, 80, 81, 82, 83, 84, 85, 86, 87, 88, 89, 90, 91, 92, 93, 94, 95, 96, 97, 98, 99, 100], "network_type": "MVNN", "batch_size": 25, "epochs": 4000, "l2": 1.777244788831576e-05, "loss_func": "torch.nn.SmoothL1Loss(beta=1 / 128)", "lr": 0.002916357756322071, "num_hidden_layers": 1, "num_hidden_units": 96, "architecture": [96, 1], "dropout_prob": 0.6329008902213357, "dropout_prob_decay": 0.8046971898975885, "optimizer": "Adam", "clip_grad_norm": 0.03584484292998418, "n_aug": 128, "pi_sqr": 1, "pi_exp": 0.30632129159134697, "pi_above_mean": 91.9769489884787, "c_exp": 179.39219124317358, "init_method": "custom", "random_ts": [0, 1], "trainable_ts": false, "init_E": 1.0632428773457154, "init_Var": 0.047693175644252433, "init_b": 0.05, "init_bias": 0.05, "init_little_const": 0.1, "lin_skip_connection": true}, "results": {"test-scaled-r2": 0.9287077626175524, "test-scaled-kendall_tau": 0.8584884721970439, "test-scaled-mae": 0.036290893986824675, "test-scaled-qloss0": 0.017674002429941563, "test-scaled-qloss0.6": 0.01823973590610648, "test-scaled-qloss0.75": 0.01838116927514772, "test-scaled-qloss0.9": 0.018522602644188955, "test-scaled-qloss0.95": 0.018569747100536032, "test-scaled-qloss1": 0.018616891556883106, "test-scaled-uUB-r2": 0.9071959183281457, "test-scaled-uUB-mae": 0.04295934767304133, "test-scaled-uUB-qloss0": 0.032568648331953935, "test-scaled-uUB-qloss0.6": 0.019261878937434005, "test-scaled-uUB-qloss0.75": 0.015935186588804023, "test-scaled-uUB-qloss0.9": 0.012608494240174043, "test-scaled-uUB-qloss0.95": 0.011499596790630713, "test-scaled-uUB-qloss1": 0.010390699341087384, "test-r2": 0.9287077626175524, "test-kendall_tau": 0.8584884721970439, "test-mae": 9.545567173013588, "test-qloss0": 4.590100706516335, "test-qloss0.6": 4.809320162504884, "test-qloss0.75": 4.864125026502023, "test-qloss0.9": 4.918929890499158, "test-qloss0.95": 4.937198178498208, "test-qloss1": 4.95546646649725, "test-uUB-r2": 0.9071959183281457, "test-uUB-mae": 11.203510732602988, "test-uUB-qloss0": 8.448149755180053, "test-uUB-qloss0.6": 5.0324764885257816, "test-uUB-qloss0.75": 4.178558171862215, "test-uUB-qloss0.9": 3.3246398551986487, "test-uUB-qloss0.95": 3.0400004163107934, "test-uUB-qloss1": 2.755360977422939, "test-0-to-0": 1.0, "test-uUB-0-to-0": 1.0, "test-monotonicity_satisfied": 1.0, "test-uUB-monotonicity_satisfied": 1.0, "train-best_epoch": 3729.79, "train-attempts": 1.0, "train-best_attempt": 1.0, "train-time_min": 1.3949002173333327, "train-loss": 4.741457885341305e-05, "train-loss_a": 2.538618606374366e-05, "train-loss_b": 1.2437161257321804e-05, "train-loss_c": 9.591232121266558e-06, "train-scaled-r2": 0.9999730414911637, "train-scaled-kendall_tau": 0.9969200779294636, "train-scaled-mae": 6.509534500858653e-05, "train-scaled-qloss0": 4.166517991891966e-05, "train-scaled-qloss0.6": 3.072417102136798e-05, "train-scaled-qloss0.75": 2.7988918796980044e-05, "train-scaled-qloss0.9": 2.5253666572592133e-05, "train-scaled-qloss0.95": 2.4341915831129483e-05, "train-scaled-qloss1": 2.3430165089666863e-05, "train-scaled-uUB-r2": 0.9999903894366112, "train-scaled-uUB-mae": 0.00015778879601189143, "train-scaled-uUB-qloss0": 5.845882411726959e-05, "train-scaled-uUB-qloss0.6": 8.298151278368097e-05, "train-scaled-uUB-qloss0.75": 8.911218495028376e-05, "train-scaled-uUB-qloss0.9": 9.524285711688661e-05, "train-scaled-uUB-qloss0.95": 9.728641450575427e-05, "train-scaled-uUB-qloss1": 9.932997189462187e-05, "train-r2": 0.9999730414911637, "train-kendall_tau": 0.9969200779294636, "train-mae": 0.016497541105513918, "train-qloss0": 0.010818184921084004, "train-qloss0.6": 0.007734887679091546, "train-qloss0.75": 0.006964063368593433, "train-qloss0.9": 0.006193239058095315, "train-qloss0.95": 0.005936297621262617, "train-qloss1": 0.005679356184429912, "train-uUB-r2": 0.9999903894366112, "train-uUB-mae": 0.03422405043448725, "train-uUB-qloss0": 0.012387368323284065, "train-uUB-qloss0.6": 0.018056956596035536, "train-uUB-qloss0.75": 0.01947435366422341, "train-uUB-qloss0.9": 0.020891750732411278, "train-uUB-qloss0.95": 0.021364216421807226, "train-uUB-qloss1": 0.021836682111203175}}