{"eval_criterium": {"train-uUB-mae": 1, "test-uUB-qloss0.95": 1}, "config370": {"SATS_domain": "LSVM", "bidder_type": "regional", "num_test_data": 1024, "num_val_data": 0, "num_train_data": 50, "data_gen_method": "admissible_random_uniform", "q": [0, 0.6, 0.75, 0.9, 0.95, 1], "seeds": [1, 2, 3, 4, 5, 6, 7, 8, 9, 10, 11, 12, 13, 14, 15, 16, 17, 18, 19, 20, 21, 22, 23, 24, 25, 26, 27, 28, 29, 30, 31, 32, 33, 34, 35, 36, 37, 38, 39, 40, 41, 42, 43, 44, 45, 46, 47, 48, 49, 50, 51, 52, 53, 54, 55, 56, 57, 58, 59, 60, 61, 62, 63, 64, 65, 66, 67, 68, 69, 70, 71, 72, 73, 74, 75, 76, 77, 78, 79, 80, 81, 82, 83, 84, 85, 86, 87, 88, 89, 90, 91, 92, 93, 94, 95, 96, 97, 98, 99, 100], "network_type": "MVNN", "batch_size": 50, "epochs": 5500, "l2": 8.712076820207113e-07, "loss_func": "torch.nn.SmoothL1Loss(beta=1 / 64)", "lr": 0.008601181071535045, "num_hidden_layers": 2, "num_hidden_units": 32, "architecture": [32, 2], "dropout_prob": 0.26166858568368456, "dropout_prob_decay": 0.9986666338472375, "optimizer": "Adam", "clip_grad_norm": 0.3298644733741721, "n_aug": 496, "pi_sqr": 1, "pi_exp": 0.0018053431357228798, "pi_above_mean": 93.49183278996719, "c_exp": 227.94488767597656, "init_method": "custom", "random_ts": [0, 1], "trainable_ts": true, "init_E": 1.5871787010280172, "init_Var": 0.12401166663892266, "init_b": 0.05, "init_bias": 0.05, "init_little_const": 0.1, "lin_skip_connection": true}, "results": {"test-scaled-r2": 0.9046230782065396, "test-scaled-kendall_tau": 0.8514626275963754, "test-scaled-mae": 0.04000685254894236, "test-scaled-qloss0": 0.025485059670287226, "test-scaled-qloss0.6": 0.018907099595307973, "test-scaled-qloss0.75": 0.017262609576563163, "test-scaled-qloss0.9": 0.015618119557818354, "test-scaled-qloss0.95": 0.015069956218236744, "test-scaled-qloss1": 0.014521792878655142, "test-scaled-uUB-r2": 0.8110323581054779, "test-scaled-uUB-mae": 0.059555323853028266, "test-scaled-uUB-qloss0": 0.052284251469959554, "test-scaled-uUB-qloss0.6": 0.02527634401782504, "test-scaled-uUB-qloss0.75": 0.018524367154791423, "test-scaled-uUB-qloss0.9": 0.011772390291757792, "test-scaled-uUB-qloss0.95": 0.009521731337413257, "test-scaled-uUB-qloss1": 0.007271072383068713, "test-r2": 0.9046230782065396, "test-kendall_tau": 0.8514626275963754, "test-mae": 10.359338519911182, "test-qloss0": 6.54290477158502, "test-qloss0.6": 4.907022157629707, "test-qloss0.75": 4.498051504140875, "test-qloss0.9": 4.0890808506520475, "test-qloss0.95": 3.952757299489104, "test-qloss1": 3.8164337483261606, "test-uUB-r2": 0.8110323581054779, "test-uUB-mae": 15.202783047437388, "test-uUB-qloss0": 13.299684945772354, "test-uUB-qloss0.6": 6.46173283930796, "test-uUB-qloss0.75": 4.752244812691863, "test-uUB-qloss0.9": 3.0427567860757643, "test-uUB-qloss0.95": 2.472927443870397, "test-uUB-qloss1": 1.9030981016650315, "test-0-to-0": 1.0, "test-uUB-0-to-0": 1.0, "test-monotonicity_satisfied": 1.0, "test-uUB-monotonicity_satisfied": 1.0, "train-best_epoch": 5408.69, "train-attempts": 1.0, "train-best_attempt": 1.0, "train-time_min": 1.450971938, "train-loss": 3.0468951498363593e-05, "train-loss_a": 2.618150320820689e-05, "train-loss_b": 4.247483920805095e-06, "train-loss_c": 3.996422865346072e-08, "train-scaled-r2": 0.9999839523781323, "train-scaled-kendall_tau": 0.9949987796623704, "train-scaled-mae": 0.0003136218701778748, "train-scaled-qloss0": 0.0001738498729943135, "train-scaled-qloss0.6": 0.00015340314750786222, "train-scaled-qloss0.75": 0.00014829146613624947, "train-scaled-qloss0.9": 0.00014317978476463653, "train-scaled-qloss0.95": 0.00014147589097409895, "train-scaled-qloss1": 0.0001397719971835614, "train-scaled-uUB-r2": 0.9999820251607633, "train-scaled-uUB-mae": 0.00015543988506851747, "train-scaled-uUB-qloss0": 2.4316415671091808e-05, "train-scaled-uUB-qloss0.6": 8.840064790689214e-05, "train-scaled-uUB-qloss0.75": 0.00010442170596584223, "train-scaled-uUB-qloss0.9": 0.00012044276402479232, "train-scaled-uUB-qloss0.95": 0.00012578311671110896, "train-scaled-uUB-qloss1": 0.00013112346939742563, "train-r2": 0.9999839523781323, "train-kendall_tau": 0.9949987796623704, "train-mae": 0.07279190366654445, "train-qloss0": 0.04032525153856883, "train-qloss0.6": 0.035610091892212904, "train-qloss0.75": 0.034431301980623934, "train-qloss0.9": 0.03325251206903494, "train-qloss0.95": 0.03285958209850528, "train-qloss1": 0.032466652127975636, "train-uUB-r2": 0.9999820251607633, "train-uUB-mae": 0.03586231554706997, "train-uUB-qloss0": 0.005643862425085462, "train-uUB-qloss0.6": 0.020388616843224877, "train-uUB-qloss0.75": 0.02407480544775973, "train-uUB-qloss0.9": 0.027760994052294596, "train-uUB-qloss0.95": 0.028989723587139547, "train-uUB-qloss1": 0.030218453121984488}}