{"eval_criterium": {"train-uUB-mae": 1, "test-uUB-qloss0.75": 1}, "config62": {"SATS_domain": "MRVM", "bidder_type": "local", "num_test_data": 8192, "num_val_data": 0, "num_train_data": 100, "data_gen_method": "admissible_random_uniform", "q": [0, 0.6, 0.75, 0.9, 0.95, 1], "seeds": [1, 2, 3, 4, 5, 6, 7, 8, 9, 10, 11, 12, 13, 14, 15, 16, 17, 18, 19, 20, 21, 22, 23, 24, 25, 26, 27, 28, 29, 30, 31, 32, 33, 34, 35, 36, 37, 38, 39, 40, 41, 42, 43, 44, 45, 46, 47, 48, 49, 50, 51, 52, 53, 54, 55, 56, 57, 58, 59, 60, 61, 62, 63, 64, 65, 66, 67, 68, 69, 70, 71, 72, 73, 74, 75, 76, 77, 78, 79, 80, 81, 82, 83, 84, 85, 86, 87, 88, 89, 90, 91, 92, 93, 94, 95, 96, 97, 98, 99, 100], "network_type": "MVNN", "batch_size": 50, "epochs": 3250, "l2": 1.380501345375853e-09, "loss_func": "torch.nn.SmoothL1Loss(beta=1 / 32)", "lr": 0.0020995848463988124, "num_hidden_layers": 1, "num_hidden_units": 96, "architecture": [96, 1], "dropout_prob": 0.7870383269123243, "dropout_prob_decay": 0.915974197085254, "optimizer": "Adam", "clip_grad_norm": 0.00030933554024995273, "n_aug": 368, "pi_sqr": 1, "pi_exp": 4.5671356202032595e-05, "pi_above_mean": 155.05331460691198, "c_exp": 139.17089411867607, "init_method": "custom", "random_ts": [0, 1], "trainable_ts": false, "init_E": 1.1444881913687717, "init_Var": 0.053019969111974506, "init_b": 0.05, "init_bias": 0.05, "init_little_const": 0.1, "lin_skip_connection": true}, "results": {"test-scaled-r2": 0.8576856167106364, "test-scaled-kendall_tau": 0.8017498424984028, "test-scaled-mae": 0.02544314575721728, "test-scaled-qloss0": 0.015785615092681837, "test-scaled-qloss0.6": 0.012108764435794, "test-scaled-qloss0.75": 0.011189551771572041, "test-scaled-qloss0.9": 0.010270339107350084, "test-scaled-qloss0.95": 0.009963934885942764, "test-scaled-qloss1": 0.009657530664535443, "test-scaled-uUB-r2": 0.8227281684048995, "test-scaled-uUB-mae": 0.02818383959012863, "test-scaled-uUB-qloss0": 0.021968013456789778, "test-scaled-uUB-qloss0.6": 0.012516701062719217, "test-scaled-uUB-qloss0.75": 0.010153872964201583, "test-scaled-uUB-qloss0.9": 0.007791044865683947, "test-scaled-uUB-qloss0.95": 0.007003435499511399, "test-scaled-uUB-qloss1": 0.006215826133338851, "test-r2": 0.8576856167106364, "test-kendall_tau": 0.8017498424984028, "test-mae": 2341918.2574662296, "test-qloss0": 1464114.4634492835, "test-qloss0.6": 1112328.0617898814, "test-qloss0.75": 1024381.4613750309, "test-qloss0.9": 936434.8609601804, "test-qloss0.95": 907119.327488563, "test-qloss1": 877803.7940169467, "test-uUB-r2": 0.8227281684048994, "test-uUB-mae": 2606179.811691568, "test-uUB-qloss0": 2044962.936642334, "test-uUB-qloss0.6": 1154715.2996864736, "test-uUB-qloss0.75": 932153.3904475089, "test-uUB-qloss0.9": 709591.4812085438, "test-uUB-qloss0.95": 635404.1781288885, "test-uUB-qloss1": 561216.8750492336, "test-0-to-0": 1.0, "test-uUB-0-to-0": 1.0, "test-monotonicity_satisfied": 1.0, "test-uUB-monotonicity_satisfied": 1.0, "train-best_epoch": 3202.61, "train-attempts": 1.0, "train-best_attempt": 1.0, "train-time_min": 1.8525415393333342, "train-loss": 1.8450614533982445e-07, "train-loss_a": 5.3403409683499916e-11, "train-loss_b": 7.243842726264299e-09, "train-loss_c": 1.7720889920802564e-07, "train-scaled-r2": 0.9999999998926472, "train-scaled-kendall_tau": 0.9999979796959392, "train-scaled-mae": 1.0360628366470342e-07, "train-scaled-qloss0": 5.318969488143923e-08, "train-scaled-qloss0.6": 5.152583122253421e-08, "train-scaled-qloss0.75": 5.1109865307807914e-08, "train-scaled-qloss0.9": 5.0693899393081675e-08, "train-scaled-qloss0.95": 5.0555244088172924e-08, "train-scaled-qloss1": 5.0416588783264166e-08, "train-scaled-uUB-r2": 0.9999999401592606, "train-scaled-uUB-mae": 1.488726437091828e-05, "train-scaled-uUB-qloss0": 1.6084164381027227e-06, "train-scaled-uUB-qloss0.6": 8.61067533493042e-06, "train-scaled-uUB-qloss0.75": 1.0361240059137346e-05, "train-scaled-uUB-qloss0.9": 1.2111804783344266e-05, "train-scaled-uUB-qloss0.95": 1.2695326358079907e-05, "train-scaled-uUB-qloss1": 1.3278847932815553e-05, "train-r2": 0.9999999998926472, "train-kendall_tau": 0.9999979796959392, "train-mae": 9.608707188166678, "train-qloss0": 4.954710513909162, "train-qloss0.6": 4.774282210118175, "train-qloss0.75": 4.729175134170429, "train-qloss0.9": 4.684068058222682, "train-qloss0.95": 4.6690323662401, "train-qloss1": 4.653996674257517, "train-uUB-r2": 0.9999999401592606, "train-uUB-mae": 1378.5920990116117, "train-uUB-qloss0": 126.48760506337584, "train-uUB-qloss0.6": 801.8577383942921, "train-uUB-qloss0.75": 970.7002717270208, "train-uUB-qloss0.9": 1139.5428050597493, "train-uUB-qloss0.95": 1195.823649503993, "train-uUB-qloss1": 1252.104493948236}}