{"eval_criterium": {"train-uUB-mae": 1, "test-uUB-qloss0.75": 1}, "config188": {"SATS_domain": "MRVM", "bidder_type": "national", "num_test_data": 8192, "num_val_data": 0, "num_train_data": 100, "data_gen_method": "admissible_random_uniform", "q": [0, 0.6, 0.75, 0.9, 0.95, 1], "seeds": [1, 2, 3, 4, 5, 6, 7, 8, 9, 10, 11, 12, 13, 14, 15, 16, 17, 18, 19, 20, 21, 22, 23, 24, 25, 26, 27, 28, 29, 30, 31, 32, 33, 34, 35, 36, 37, 38, 39, 40, 41, 42, 43, 44, 45, 46, 47, 48, 49, 50, 51, 52, 53, 54, 55, 56, 57, 58, 59, 60, 61, 62, 63, 64, 65, 66, 67, 68, 69, 70, 71, 72, 73, 74, 75, 76, 77, 78, 79, 80, 81, 82, 83, 84, 85, 86, 87, 88, 89, 90, 91, 92, 93, 94, 95, 96, 97, 98, 99, 100], "network_type": "MVNN", "batch_size": 50, "epochs": 3250, "l2": 4.31226912482622e-10, "loss_func": "torch.nn.SmoothL1Loss(beta=1 / 64)", "lr": 0.0029338295713691883, "num_hidden_layers": 1, "num_hidden_units": 96, "architecture": [96, 1], "dropout_prob": 0.6660591641393282, "dropout_prob_decay": 0.881907751866744, "optimizer": "Adam", "clip_grad_norm": 0.002229304738460665, "n_aug": 112, "pi_sqr": 1, "pi_exp": 0.00393662522075217, "pi_above_mean": 147.59586868425833, "c_exp": 187.5669024343234, "init_method": "custom", "random_ts": [0, 1], "trainable_ts": false, "init_E": 1.1615148393788153, "init_Var": 0.07460849376299955, "init_b": 0.05, "init_bias": 0.05, "init_little_const": 0.1, "lin_skip_connection": true}, "results": {"test-scaled-r2": 0.8047332420486842, "test-scaled-kendall_tau": 0.7463044129576679, "test-scaled-mae": 0.022342842842117534, "test-scaled-qloss0": 0.013562360955002078, "test-scaled-qloss0.6": 0.010693233514270106, "test-scaled-qloss0.75": 0.009975951654087111, "test-scaled-qloss0.9": 0.009258669793904117, "test-scaled-qloss0.95": 0.009019575840509787, "test-scaled-qloss1": 0.008780481887115457, "test-scaled-uUB-r2": 0.709217170714216, "test-scaled-uUB-mae": 0.02805233874634723, "test-scaled-uUB-qloss0": 0.024577943561416758, "test-scaled-uUB-qloss0.6": 0.011915814535524987, "test-scaled-uUB-qloss0.75": 0.008750282279052043, "test-scaled-uUB-qloss0.9": 0.005584750022579098, "test-scaled-uUB-qloss0.95": 0.004529572603754785, "test-scaled-uUB-qloss1": 0.0034743951849304723, "test-r2": 0.8047332420486842, "test-kendall_tau": 0.7463044129576679, "test-mae": 119864568.95679396, "test-qloss0": 72691591.73991747, "test-qloss0.6": 57380423.026092865, "test-qloss0.75": 53552630.84763671, "test-qloss0.9": 49724838.669180565, "test-qloss0.95": 48448907.94302854, "test-qloss1": 47172977.21687648, "test-uUB-r2": 0.709217170714216, "test-uUB-mae": 150550869.7226462, "test-uUB-qloss0": 131900915.37121505, "test-uUB-qloss0.6": 63950338.75934472, "test-uUB-qloss0.75": 46962694.6063771, "test-uUB-qloss0.9": 29975050.453409523, "test-uUB-qloss0.95": 24312502.40242035, "test-uUB-qloss1": 18649954.351431154, "test-0-to-0": 1.0, "test-uUB-0-to-0": 1.0, "test-monotonicity_satisfied": 1.0, "test-uUB-monotonicity_satisfied": 1.0, "train-best_epoch": 3225.74, "train-attempts": 1.0, "train-best_attempt": 1.0, "train-time_min": 1.3151504436666668, "train-loss": 9.17383555210094e-08, "train-loss_a": 3.870033894837642e-11, "train-loss_b": 3.9027498415183766e-10, "train-loss_c": 9.130938019019653e-08, "train-scaled-r2": 0.9999999998611976, "train-scaled-kendall_tau": 1.0, "train-scaled-mae": 1.2462735176086423e-07, "train-scaled-qloss0": 6.275475025177005e-08, "train-scaled-qloss0.6": 6.22254610061646e-08, "train-scaled-qloss0.75": 6.209313869476315e-08, "train-scaled-qloss0.9": 6.196081638336185e-08, "train-scaled-qloss0.95": 6.191670894622805e-08, "train-scaled-qloss1": 6.187260150909429e-08, "train-scaled-uUB-r2": 0.9999999937457938, "train-scaled-uUB-mae": 3.84204089641571e-06, "train-scaled-uUB-qloss0": 1.1948943138122562e-07, "train-scaled-uUB-qloss0.6": 2.281326651573181e-06, "train-scaled-uUB-qloss0.75": 2.8217859566211696e-06, "train-scaled-uUB-qloss0.9": 3.362245261669159e-06, "train-scaled-uUB-qloss0.95": 3.542398363351822e-06, "train-scaled-uUB-qloss1": 3.7225514650344854e-06, "train-r2": 0.9999999998611976, "train-kendall_tau": 1.0, "train-mae": 582.4740462196348, "train-qloss0": 294.14460344696045, "train-qloss0.6": 290.6555070423888, "train-qloss0.75": 289.783232941246, "train-qloss0.9": 288.910958840103, "train-qloss0.95": 288.62020080638877, "train-qloss1": 288.3294427726744, "train-uUB-r2": 0.9999999937457938, "train-uUB-mae": 20466.501789500428, "train-uUB-qloss0": 612.5519204193114, "train-uUB-qloss0.6": 12157.390689616394, "train-uUB-qloss0.75": 15043.600381915667, "train-uUB-qloss0.9": 17929.810074214944, "train-uUB-qloss0.95": 18891.879971648024, "train-uUB-qloss1": 19853.949869081116}}