{"eval_criterium": {"train-uUB-mae": 1, "test-uUB-qloss0.6": 1}, "config66": {"SATS_domain": "MRVM", "bidder_type": "local", "num_test_data": 8192, "num_val_data": 0, "num_train_data": 100, "data_gen_method": "admissible_random_uniform", "q": [0, 0.6, 0.75, 0.9, 0.95, 1], "seeds": [1, 2, 3, 4, 5, 6, 7, 8, 9, 10, 11, 12, 13, 14, 15, 16, 17, 18, 19, 20, 21, 22, 23, 24, 25, 26, 27, 28, 29, 30, 31, 32, 33, 34, 35, 36, 37, 38, 39, 40, 41, 42, 43, 44, 45, 46, 47, 48, 49, 50, 51, 52, 53, 54, 55, 56, 57, 58, 59, 60, 61, 62, 63, 64, 65, 66, 67, 68, 69, 70, 71, 72, 73, 74, 75, 76, 77, 78, 79, 80, 81, 82, 83, 84, 85, 86, 87, 88, 89, 90, 91, 92, 93, 94, 95, 96, 97, 98, 99, 100], "network_type": "MVNN", "batch_size": 25, "epochs": 1375, "l2": 5.461538926214543e-07, "loss_func": "torch.nn.SmoothL1Loss(beta=1 / 64)", "lr": 0.001618666446352824, "num_hidden_layers": 1, "num_hidden_units": 64, "architecture": [64, 1], "dropout_prob": 0.2339191732118403, "dropout_prob_decay": 0.8665232506774335, "optimizer": "Adam", "clip_grad_norm": 0.1098982925624301, "n_aug": 320, "pi_sqr": 1, "pi_exp": 3.516895739196905e-05, "pi_above_mean": 67.46962133054959, "c_exp": 73.10345223456679, "init_method": "custom", "random_ts": [0, 1], "trainable_ts": true, "init_E": 1.1430030530776736, "init_Var": 0.027125966549415383, "init_b": 0.05, "init_bias": 0.05, "init_little_const": 0.1, "lin_skip_connection": true}, "results": {"test-scaled-r2": 0.858092073119414, "test-scaled-kendall_tau": 0.7978096016162519, "test-scaled-mae": 0.025640058821390994, "test-scaled-qloss0": 0.015473581986916542, "test-scaled-qloss0.6": 0.01228931889545128, "test-scaled-qloss0.75": 0.011493253122584974, "test-scaled-qloss0.9": 0.010697187349718662, "test-scaled-qloss0.95": 0.010431832092096558, "test-scaled-qloss1": 0.010166476834474452, "test-scaled-uUB-r2": 0.848689316771399, "test-scaled-uUB-mae": 0.02612398707153261, "test-scaled-uUB-qloss0": 0.017902731123067495, "test-scaled-uUB-qloss0.6": 0.012093846018306065, "test-scaled-uUB-qloss0.75": 0.01064162474211571, "test-scaled-uUB-qloss0.9": 0.009189403465925353, "test-scaled-uUB-qloss0.95": 0.008705329707195236, "test-scaled-uUB-qloss1": 0.008221255948465114, "test-r2": 0.858092073119414, "test-kendall_tau": 0.7978096016162519, "test-mae": 2363747.9060779777, "test-qloss0": 1433701.1124352973, "test-qloss0.6": 1131508.5211597274, "test-qloss0.75": 1055960.3733408353, "test-qloss0.9": 980412.2255219428, "test-qloss0.95": 955229.5095823116, "test-qloss1": 930046.7936426814, "test-uUB-r2": 0.848689316771399, "test-uUB-mae": 2406126.9670725134, "test-uUB-qloss0": 1660272.731372335, "test-uUB-qloss0.6": 1111621.633969041, "test-uUB-qloss0.75": 974458.8596182169, "test-uUB-qloss0.9": 837296.0852673933, "test-uUB-qloss0.95": 791575.1604837853, "test-uUB-qloss1": 745854.2357001773, "test-0-to-0": 1.0, "test-uUB-0-to-0": 1.0, "test-monotonicity_satisfied": 1.0, "test-uUB-monotonicity_satisfied": 1.0, "train-best_epoch": 1301.72, "train-attempts": 1.0, "train-best_attempt": 1.0, "train-time_min": 1.0560239426666669, "train-loss": 2.414702723569917e-06, "train-loss_a": 6.956238772710851e-10, "train-loss_b": 8.50747431812779e-09, "train-loss_c": 2.405499622000207e-06, "train-scaled-r2": 0.9999999988843805, "train-scaled-kendall_tau": 0.9999878782776547, "train-scaled-mae": 5.834333598613742e-07, "train-scaled-qloss0": 4.160098731517792e-07, "train-scaled-qloss0.6": 2.6685804128646854e-07, "train-scaled-qloss0.75": 2.295700833201408e-07, "train-scaled-qloss0.9": 1.9228212535381316e-07, "train-scaled-qloss0.95": 1.7985280603170397e-07, "train-scaled-qloss1": 1.6742348670959478e-07, "train-scaled-uUB-r2": 0.9999999577818371, "train-scaled-uUB-mae": 9.770292788743975e-06, "train-scaled-uUB-qloss0": 1.2010321021080016e-06, "train-scaled-uUB-qloss0.6": 5.621969252824783e-06, "train-scaled-uUB-qloss0.75": 6.72720354050398e-06, "train-scaled-uUB-qloss0.9": 7.832437828183174e-06, "train-scaled-uUB-qloss0.95": 8.200849257409572e-06, "train-scaled-uUB-qloss1": 8.569260686635973e-06, "train-r2": 0.9999999988843805, "train-kendall_tau": 0.9999878782776547, "train-mae": 37.72398577561826, "train-qloss0": 23.18393878363073, "train-qloss0.6": 17.99760370864481, "train-qloss0.75": 16.701019939898334, "train-qloss0.9": 15.404436171151847, "train-qloss0.95": 14.9722415815697, "train-qloss1": 14.540046991987527, "train-uUB-r2": 0.9999999577818371, "train-uUB-mae": 902.2347416112024, "train-uUB-qloss0": 115.99029460724594, "train-uUB-qloss0.6": 518.1427860452723, "train-uUB-qloss0.75": 618.6809089047787, "train-uUB-qloss0.9": 719.2190317642849, "train-uUB-qloss0.95": 752.7317393841205, "train-uUB-qloss1": 786.2444470039561}}