{"eval_criterium": {"train-uUB-mae": 1, "test-uUB-qloss0.95": 1}, "config412": {"SATS_domain": "MRVM", "bidder_type": "national", "num_test_data": 8192, "num_val_data": 0, "num_train_data": 100, "data_gen_method": "admissible_random_uniform", "q": [0, 0.6, 0.75, 0.9, 0.95, 1], "seeds": [1, 2, 3, 4, 5, 6, 7, 8, 9, 10, 11, 12, 13, 14, 15, 16, 17, 18, 19, 20, 21, 22, 23, 24, 25, 26, 27, 28, 29, 30, 31, 32, 33, 34, 35, 36, 37, 38, 39, 40, 41, 42, 43, 44, 45, 46, 47, 48, 49, 50, 51, 52, 53, 54, 55, 56, 57, 58, 59, 60, 61, 62, 63, 64, 65, 66, 67, 68, 69, 70, 71, 72, 73, 74, 75, 76, 77, 78, 79, 80, 81, 82, 83, 84, 85, 86, 87, 88, 89, 90, 91, 92, 93, 94, 95, 96, 97, 98, 99, 100], "network_type": "MVNN", "batch_size": 50, "epochs": 2750, "l2": 8.805365752694413e-07, "loss_func": "torch.nn.SmoothL1Loss(beta=1 / 32)", "lr": 0.0025739642570810923, "num_hidden_layers": 1, "num_hidden_units": 96, "architecture": [96, 1], "dropout_prob": 0.4883783013478029, "dropout_prob_decay": 0.954975308297758, "optimizer": "Adam", "clip_grad_norm": 0.008326611388685658, "n_aug": 224, "pi_sqr": 1, "pi_exp": 0.19785658287725824, "pi_above_mean": 79.93680402201466, "c_exp": 194.10276745524527, "init_method": "custom", "random_ts": [0, 1], "trainable_ts": false, "init_E": 1.5460396092794078, "init_Var": 0.055832898218644254, "init_b": 0.05, "init_bias": 0.05, "init_little_const": 0.1, "lin_skip_connection": true}, "results": {"test-scaled-r2": 0.8105873164127835, "test-scaled-kendall_tau": 0.7484872305040392, "test-scaled-mae": 0.02212129272385937, "test-scaled-qloss0": 0.012955906566967315, "test-scaled-qloss0.6": 0.010681594320922156, "test-scaled-qloss0.75": 0.01011301625941087, "test-scaled-qloss0.9": 0.00954443819789958, "test-scaled-qloss0.95": 0.009354912177395818, "test-scaled-qloss1": 0.009165386156892054, "test-scaled-uUB-r2": 0.655058046624517, "test-scaled-uUB-mae": 0.03175021015944367, "test-scaled-uUB-qloss0": 0.029182169882915332, "test-scaled-uUB-qloss0.6": 0.013213692119083131, "test-scaled-uUB-qloss0.75": 0.009221572678125085, "test-scaled-uUB-qloss0.9": 0.005229453237167036, "test-scaled-uUB-qloss0.95": 0.0038987467568476868, "test-scaled-uUB-qloss1": 0.002568040276528336, "test-r2": 0.8105873164127835, "test-kendall_tau": 0.7484872305040392, "test-mae": 118829883.48959884, "test-qloss0": 69490330.68478328, "test-qloss0.6": 57399863.95680264, "test-qloss0.75": 54377247.27480752, "test-qloss0.9": 51354630.59281233, "test-qloss0.95": 50347091.69881395, "test-qloss1": 49339552.80481557, "test-uUB-r2": 0.655058046624517, "test-uUB-mae": 170558299.87721005, "test-uUB-qloss0": 156734667.88551435, "test-uUB-qloss0.6": 70988046.34922315, "test-uUB-qloss0.75": 49551390.96515039, "test-uUB-qloss0.9": 28114735.581077598, "test-uUB-qloss0.95": 20969183.78638669, "test-uUB-qloss1": 13823631.991695764, "test-0-to-0": 1.0, "test-uUB-0-to-0": 1.0, "test-monotonicity_satisfied": 1.0, "test-uUB-monotonicity_satisfied": 1.0, "train-best_epoch": 2707.66, "train-attempts": 1.0, "train-best_attempt": 1.0, "train-time_min": 1.4761469613333336, "train-loss": 1.414313496752584e-06, "train-loss_a": 5.207106874589168e-11, "train-loss_b": 2.1523737921396584e-09, "train-loss_c": 1.4121090489993549e-06, "train-scaled-r2": 0.9999999996423979, "train-scaled-kendall_tau": 0.9999878787878788, "train-scaled-mae": 9.472832083702089e-07, "train-scaled-qloss0": 4.617348313331603e-07, "train-scaled-qloss0.6": 4.760229587554933e-07, "train-scaled-qloss0.75": 4.795949906110764e-07, "train-scaled-qloss0.9": 4.831670224666596e-07, "train-scaled-qloss0.95": 4.843576997518539e-07, "train-scaled-qloss1": 4.855483770370484e-07, "train-scaled-uUB-r2": 0.9999999687590013, "train-scaled-uUB-mae": 7.027767598628997e-06, "train-scaled-uUB-qloss0": 5.524754524230959e-07, "train-scaled-uUB-qloss0.6": 4.106165468692779e-06, "train-scaled-uUB-qloss0.75": 4.994587972760198e-06, "train-scaled-uUB-qloss0.9": 5.8830104768276254e-06, "train-scaled-uUB-qloss0.95": 6.179151311516759e-06, "train-scaled-uUB-qloss1": 6.475292146205902e-06, "train-r2": 0.9999999996423979, "train-kendall_tau": 0.9999878787878788, "train-mae": 5042.723701957321, "train-qloss0": 2449.6479788837432, "train-qloss0.6": 2535.704625397644, "train-qloss0.75": 2557.21878702612, "train-qloss0.9": 2578.732948654595, "train-qloss0.95": 2585.904335864086, "train-qloss1": 2593.0757230735767, "train-uUB-r2": 0.9999999687590013, "train-uUB-mae": 38399.61513354225, "train-uUB-qloss0": 3051.8094740211486, "train-uUB-qloss0.6": 22429.40718532112, "train-uUB-qloss0.75": 27273.806613146116, "train-uUB-qloss0.9": 32118.20604097111, "train-uUB-qloss0.95": 33733.0058502461, "train-uUB-qloss1": 35347.805659521095}}