{"eval_criterium": {"train-uUB-mae": 1, "test-uUB-qloss0.6": 1}, "config582": {"SATS_domain": "MRVM", "bidder_type": "regional", "num_test_data": 8192, "num_val_data": 0, "num_train_data": 100, "data_gen_method": "admissible_random_uniform", "q": [0, 0.6, 0.75, 0.9, 0.95, 1], "seeds": [1, 2, 3, 4, 5, 6, 7, 8, 9, 10, 11, 12, 13, 14, 15, 16, 17, 18, 19, 20, 21, 22, 23, 24, 25, 26, 27, 28, 29, 30, 31, 32, 33, 34, 35, 36, 37, 38, 39, 40, 41, 42, 43, 44, 45, 46, 47, 48, 49, 50, 51, 52, 53, 54, 55, 56, 57, 58, 59, 60, 61, 62, 63, 64, 65, 66, 67, 68, 69, 70, 71, 72, 73, 74, 75, 76, 77, 78, 79, 80, 81, 82, 83, 84, 85, 86, 87, 88, 89, 90, 91, 92, 93, 94, 95, 96, 97, 98, 99, 100], "network_type": "MVNN", "batch_size": 50, "epochs": 3750, "l2": 1.2484645655070494e-10, "loss_func": "torch.nn.SmoothL1Loss(beta=1 / 32)", "lr": 0.0024521969406309583, "num_hidden_layers": 1, "num_hidden_units": 96, "architecture": [96, 1], "dropout_prob": 0.2971381292837859, "dropout_prob_decay": 0.8337726776750191, "optimizer": "Adam", "clip_grad_norm": 0.04321471015892272, "n_aug": 464, "pi_sqr": 1, "pi_exp": 1.594816103943274e-06, "pi_above_mean": 86.3449556697581, "c_exp": 119.3577825085664, "init_method": "custom", "random_ts": [0, 1], "trainable_ts": false, "init_E": 1.2342843528392606, "init_Var": 0.024918916099641857, "init_b": 0.05, "init_bias": 0.05, "init_little_const": 0.1, "lin_skip_connection": true}, "results": {"test-scaled-r2": 0.8394624638363453, "test-scaled-kendall_tau": 0.7855634746003999, "test-scaled-mae": 0.02340985742428984, "test-scaled-qloss0": 0.014083924323845167, "test-scaled-qloss0.6": 0.011229129589804866, "test-scaled-qloss0.75": 0.010515430906294795, "test-scaled-qloss0.9": 0.009801732222784725, "test-scaled-qloss0.95": 0.009563832661614698, "test-scaled-qloss1": 0.009325933100444671, "test-scaled-uUB-r2": 0.8327686607525459, "test-scaled-uUB-mae": 0.023590103117007856, "test-scaled-uUB-qloss0": 0.015242072724508943, "test-scaled-uUB-qloss0.6": 0.011105647325302925, "test-scaled-uUB-qloss0.75": 0.010071540975501421, "test-scaled-uUB-qloss0.9": 0.009037434625699914, "test-scaled-uUB-qloss0.95": 0.008692732509099415, "test-scaled-uUB-qloss1": 0.008348030392498913, "test-r2": 0.8394624638363453, "test-kendall_tau": 0.7855634746003999, "test-mae": 8541160.659440957, "test-qloss0": 5140524.882000068, "test-qloss0.6": 4096591.419264563, "test-qloss0.75": 3835608.053580684, "test-qloss0.9": 3574624.6878968095, "test-qloss0.95": 3487630.2326688515, "test-qloss1": 3400635.7774408907, "test-uUB-r2": 0.8327686607525459, "test-uUB-mae": 8607572.23195849, "test-uUB-qloss0": 5590250.216256725, "test-uUB-qloss0.6": 4046493.29592375, "test-uUB-qloss0.75": 3660554.065840506, "test-uUB-qloss0.9": 3274614.8357572616, "test-uUB-qloss0.95": 3145968.4257295146, "test-uUB-qloss1": 3017322.015701765, "test-0-to-0": 1.0, "test-uUB-0-to-0": 1.0, "test-monotonicity_satisfied": 1.0, "test-uUB-monotonicity_satisfied": 1.0, "train-best_epoch": 3642.34, "train-attempts": 1.0, "train-best_attempt": 1.0, "train-time_min": 2.239122698333333, "train-loss": 3.3240731529105005e-07, "train-loss_a": 2.7252635842537278e-12, "train-loss_b": 1.991406573201987e-09, "train-loss_c": 3.304131830361712e-07, "train-scaled-r2": 0.9999999999893124, "train-scaled-kendall_tau": 1.0, "train-scaled-mae": 4.864409565925598e-08, "train-scaled-qloss0": 2.450048923492433e-08, "train-scaled-qloss0.6": 2.428635954856872e-08, "train-scaled-qloss0.75": 2.4232827126979825e-08, "train-scaled-qloss0.9": 2.417929470539094e-08, "train-scaled-qloss0.95": 2.41614505648613e-08, "train-scaled-qloss1": 2.4143606424331678e-08, "train-scaled-uUB-r2": 0.9999999702237106, "train-scaled-uUB-mae": 6.505206972360611e-06, "train-scaled-uUB-qloss0": 2.2611469030380253e-07, "train-scaled-uUB-qloss0.6": 3.8579012453556066e-06, "train-scaled-uUB-qloss0.75": 4.765847884118557e-06, "train-scaled-uUB-qloss0.9": 5.673794522881506e-06, "train-scaled-uUB-qloss0.95": 5.9764434024691594e-06, "train-scaled-uUB-qloss1": 6.279092282056812e-06, "train-r2": 0.9999999999893124, "train-kendall_tau": 1.0, "train-mae": 21.85402282423973, "train-qloss0": 11.02490588417053, "train-qloss0.6": 10.907432517709731, "train-qloss0.75": 10.878064176094526, "train-qloss0.9": 10.848695834479331, "train-qloss0.95": 10.838906387274264, "train-qloss1": 10.829116940069198, "train-uUB-r2": 0.9999999702237106, "train-uUB-mae": 2443.7554365324045, "train-uUB-qloss0": 85.16433331294064, "train-uUB-qloss0.6": 1449.2203952568532, "train-uUB-qloss0.75": 1790.2344107428312, "train-uUB-qloss0.9": 2131.2484262288085, "train-uUB-qloss0.95": 2244.9197647241363, "train-uUB-qloss1": 2358.5911032194617}}