{"eval_criterium": {"train-uUB-mae": 1, "test-uUB-qloss0.9": 1}, "config646": {"SATS_domain": "MRVM", "bidder_type": "regional", "num_test_data": 8192, "num_val_data": 0, "num_train_data": 100, "data_gen_method": "admissible_random_uniform", "q": [0, 0.6, 0.75, 0.9, 0.95, 1], "seeds": [1, 2, 3, 4, 5, 6, 7, 8, 9, 10, 11, 12, 13, 14, 15, 16, 17, 18, 19, 20, 21, 22, 23, 24, 25, 26, 27, 28, 29, 30, 31, 32, 33, 34, 35, 36, 37, 38, 39, 40, 41, 42, 43, 44, 45, 46, 47, 48, 49, 50, 51, 52, 53, 54, 55, 56, 57, 58, 59, 60, 61, 62, 63, 64, 65, 66, 67, 68, 69, 70, 71, 72, 73, 74, 75, 76, 77, 78, 79, 80, 81, 82, 83, 84, 85, 86, 87, 88, 89, 90, 91, 92, 93, 94, 95, 96, 97, 98, 99, 100], "network_type": "MVNN", "batch_size": 25, "epochs": 2000, "l2": 5.204994827544661e-10, "loss_func": "torch.nn.SmoothL1Loss(beta=1 / 128)", "lr": 0.0019540227107058446, "num_hidden_layers": 1, "num_hidden_units": 96, "architecture": [96, 1], "dropout_prob": 0.2766585586862362, "dropout_prob_decay": 0.8607770407611642, "optimizer": "Adam", "clip_grad_norm": 0.1555339493483075, "n_aug": 96, "pi_sqr": 1, "pi_exp": 0.08640504973290702, "pi_above_mean": 139.80830905241848, "c_exp": 122.98597854917746, "init_method": "custom", "random_ts": [0, 1], "trainable_ts": true, "init_E": 1.556395939808473, "init_Var": 0.0431022558321965, "init_b": 0.05, "init_bias": 0.05, "init_little_const": 0.1, "lin_skip_connection": true}, "results": {"test-scaled-r2": 0.8386545728664264, "test-scaled-kendall_tau": 0.788441655915933, "test-scaled-mae": 0.02334564721656079, "test-scaled-qloss0": 0.01444565832866374, "test-scaled-qloss0.6": 0.011118256664203727, "test-scaled-qloss0.75": 0.010286406248088725, "test-scaled-qloss0.9": 0.009454555831973717, "test-scaled-qloss0.95": 0.009177272359935387, "test-scaled-qloss1": 0.008899988887897052, "test-scaled-uUB-r2": 0.6337452306491137, "test-scaled-uUB-mae": 0.038478249392451286, "test-scaled-uUB-qloss0": 0.03624193573190951, "test-scaled-uUB-qloss0.6": 0.015838562489088867, "test-scaled-uUB-qloss0.75": 0.010737719178383714, "test-scaled-uUB-qloss0.9": 0.005636875867678553, "test-scaled-uUB-qloss0.95": 0.0039365947641101665, "test-scaled-uUB-qloss1": 0.002236313660541782, "test-r2": 0.8386545728664264, "test-kendall_tau": 0.788441655915933, "test-mae": 8532115.01912153, "test-qloss0": 5297809.812210478, "test-qloss0.6": 4059707.049030824, "test-qloss0.75": 3750181.3582359105, "test-qloss0.9": 3440655.6674409974, "test-qloss0.95": 3337480.437176029, "test-qloss1": 3234305.206911057, "test-uUB-r2": 0.6337452306491137, "test-uUB-mae": 14135660.943018725, "test-uUB-qloss0": 13294524.05987326, "test-uUB-qloss0.6": 5822491.7538365815, "test-uUB-qloss0.75": 3954483.6773274112, "test-uUB-qloss0.9": 2086475.600818238, "test-uUB-qloss0.95": 1463806.2419818493, "test-uUB-qloss1": 841136.883145459, "test-0-to-0": 1.0, "test-uUB-0-to-0": 1.0, "test-monotonicity_satisfied": 1.0, "test-uUB-monotonicity_satisfied": 1.0, "train-best_epoch": 1914.74, "train-attempts": 1.0, "train-best_attempt": 1.0, "train-time_min": 1.5922557354999995, "train-loss": 3.9901324869617835e-06, "train-loss_a": 1.5418510779393034e-11, "train-loss_b": 6.338999439548008e-07, "train-loss_c": 3.356217129635297e-06, "train-scaled-r2": 0.9999999999657443, "train-scaled-kendall_tau": 1.0, "train-scaled-mae": 4.647672176361086e-08, "train-scaled-qloss0": 2.4873018264770498e-08, "train-scaled-qloss0.6": 2.2911429405212393e-08, "train-scaled-qloss0.75": 2.2421032190322877e-08, "train-scaled-qloss0.9": 2.1930634975433354e-08, "train-scaled-qloss0.95": 2.176716923713685e-08, "train-scaled-qloss1": 2.1603703498840335e-08, "train-scaled-uUB-r2": 0.9999962165334811, "train-scaled-uUB-mae": 1.473528072237968e-05, "train-scaled-uUB-qloss0": 2.0013988018035876e-06, "train-scaled-uUB-qloss0.6": 8.440888673067089e-06, "train-scaled-uUB-qloss0.75": 1.0050761140882969e-05, "train-scaled-uUB-qloss0.9": 1.1660633608698843e-05, "train-scaled-uUB-qloss0.95": 1.2197257764637465e-05, "train-scaled-uUB-qloss1": 1.2733881920576085e-05, "train-r2": 0.9999999999657443, "train-kendall_tau": 1.0, "train-mae": 13.96035099887848, "train-qloss0": 7.475737473297122, "train-qloss0.6": 6.881063104667668, "train-qloss0.75": 6.7323945125103, "train-qloss0.9": 6.583725920352938, "train-qloss0.95": 6.534169722967148, "train-qloss1": 6.48461352558136, "train-uUB-r2": 0.9999962165334811, "train-uUB-mae": 5917.239711483578, "train-uUB-qloss0": 826.8920883097173, "train-uUB-qloss0.6": 3384.9654092282017, "train-uUB-qloss0.75": 4024.4837394578212, "train-uUB-qloss0.9": 4664.002069687441, "train-uUB-qloss0.95": 4877.17484643065, "train-uUB-qloss1": 5090.347623173856}}