{"eval_criterium": {"train-uUB-mae": 1, "test-uUB-qloss0.6": 1}, "config43": {"SATS_domain": "MRVM", "bidder_type": "national", "num_test_data": 8192, "num_val_data": 0, "num_train_data": 100, "data_gen_method": "admissible_random_uniform", "q": [0, 0.6, 0.75, 0.9, 0.95, 1], "seeds": [1, 2, 3, 4, 5, 6, 7, 8, 9, 10, 11, 12, 13, 14, 15, 16, 17, 18, 19, 20, 21, 22, 23, 24, 25, 26, 27, 28, 29, 30, 31, 32, 33, 34, 35, 36, 37, 38, 39, 40, 41, 42, 43, 44, 45, 46, 47, 48, 49, 50, 51, 52, 53, 54, 55, 56, 57, 58, 59, 60, 61, 62, 63, 64, 65, 66, 67, 68, 69, 70, 71, 72, 73, 74, 75, 76, 77, 78, 79, 80, 81, 82, 83, 84, 85, 86, 87, 88, 89, 90, 91, 92, 93, 94, 95, 96, 97, 98, 99, 100], "network_type": "MVNN", "batch_size": 25, "epochs": 1250, "l2": 1.3707739683360476e-07, "loss_func": "torch.nn.SmoothL1Loss(beta=1 / 64)", "lr": 0.0024132547899823774, "num_hidden_layers": 1, "num_hidden_units": 96, "architecture": [96, 1], "dropout_prob": 0.7205844167952914, "dropout_prob_decay": 0.8524126654550545, "optimizer": "Adam", "clip_grad_norm": 0.004266164463666882, "n_aug": 512, "pi_sqr": 1, "pi_exp": 2.63115001777123e-06, "pi_above_mean": 93.96654574755826, "c_exp": 102.72903277798216, "init_method": "custom", "random_ts": [0, 1], "trainable_ts": false, "init_E": 1.575762498534616, "init_Var": 0.04266163222089822, "init_b": 0.05, "init_bias": 0.05, "init_little_const": 0.1, "lin_skip_connection": false}, "results": {"test-scaled-r2": 0.8007253773933884, "test-scaled-kendall_tau": 0.7460726471329449, "test-scaled-mae": 0.022553492402730625, "test-scaled-qloss0": 0.014751167270333099, "test-scaled-qloss0.6": 0.010581861987571757, "test-scaled-qloss0.75": 0.00953953566688142, "test-scaled-qloss0.9": 0.008497209346191083, "test-scaled-qloss0.95": 0.008149767239294309, "test-scaled-qloss1": 0.0078023251323975275, "test-scaled-uUB-r2": 0.8047221823551648, "test-scaled-uUB-mae": 0.02216583522320434, "test-scaled-uUB-qloss0": 0.014826389901609218, "test-scaled-uUB-qloss0.6": 0.010334223153600759, "test-scaled-uUB-qloss0.75": 0.009211181466598646, "test-scaled-uUB-qloss0.9": 0.00808813977959653, "test-scaled-uUB-qloss0.95": 0.0077137925505958264, "test-scaled-uUB-qloss1": 0.007339445321595122, "test-r2": 0.8007253773933884, "test-kendall_tau": 0.7460726471329449, "test-mae": 121147898.05172218, "test-qloss0": 79195773.40108865, "test-qloss0.6": 56849584.15081553, "test-qloss0.75": 51263036.83824728, "test-qloss0.9": 45676489.52567902, "test-qloss0.95": 43814307.08815627, "test-qloss1": 41952124.650633514, "test-uUB-r2": 0.8047221823551648, "test-uUB-mae": 118985657.46841268, "test-uUB-qloss0": 79574880.82191187, "test-uUB-qloss0.6": 55476418.31666524, "test-uUB-qloss0.75": 49451802.690353565, "test-uUB-qloss0.9": 43427187.064041875, "test-uUB-qloss0.95": 41418981.8552713, "test-uUB-qloss1": 39410776.64650074, "test-0-to-0": 1.0, "test-uUB-0-to-0": 1.0, "test-monotonicity_satisfied": 1.0, "test-uUB-monotonicity_satisfied": 1.0, "train-best_epoch": 1229.78, "train-attempts": 1.0, "train-best_attempt": 1.0, "train-time_min": 1.190941356833334, "train-loss": 1.1880294644228683e-06, "train-loss_a": 2.405754517427529e-10, "train-loss_b": 2.66362105139778e-09, "train-loss_c": 1.1851252670425083e-06, "train-scaled-r2": 0.9999999989848213, "train-scaled-kendall_tau": 1.0, "train-scaled-mae": 2.304792404174805e-07, "train-scaled-qloss0": 1.0998249053955077e-07, "train-scaled-qloss0.6": 1.1629104614257812e-07, "train-scaled-qloss0.75": 1.1786818504333498e-07, "train-scaled-qloss0.9": 1.1944532394409183e-07, "train-scaled-qloss0.95": 1.1997103691101073e-07, "train-scaled-qloss1": 1.2049674987792968e-07, "train-scaled-uUB-r2": 0.9999999731083692, "train-scaled-uUB-mae": 8.060449361801149e-06, "train-scaled-uUB-qloss0": 3.725260496139527e-07, "train-scaled-uUB-qloss0.6": 4.761764407157899e-06, "train-scaled-uUB-qloss0.75": 5.859073996543881e-06, "train-scaled-uUB-qloss0.9": 6.9563835859298745e-06, "train-scaled-uUB-qloss0.95": 7.322153449058533e-06, "train-scaled-uUB-qloss1": 7.68792331218719e-06, "train-r2": 0.9999999989848213, "train-kendall_tau": 1.0, "train-mae": 1244.2762841148378, "train-qloss0": 596.4089180793761, "train-qloss0.6": 627.283986853027, "train-qloss0.75": 635.0027540464405, "train-qloss0.9": 642.7215212398529, "train-qloss0.95": 645.2944436376572, "train-qloss1": 647.8673660354613, "train-uUB-r2": 0.9999999731083692, "train-uUB-mae": 44062.86314944917, "train-uUB-qloss0": 2073.648264318085, "train-uUB-qloss0.6": 26022.98823680589, "train-uUB-qloss0.75": 32010.32322992782, "train-uUB-qloss0.9": 37997.65822304977, "train-uUB-qloss0.95": 39993.43655409041, "train-uUB-qloss1": 41989.21488513108}}