{"eval_criterium": {"train-uUB-mae": 1, "test-uUB-qloss0.95": 1}, "config378": {"SATS_domain": "MRVM", "bidder_type": "local", "num_test_data": 8192, "num_val_data": 0, "num_train_data": 100, "data_gen_method": "admissible_random_uniform", "q": [0, 0.6, 0.75, 0.9, 0.95, 1], "seeds": [1, 2, 3, 4, 5, 6, 7, 8, 9, 10, 11, 12, 13, 14, 15, 16, 17, 18, 19, 20, 21, 22, 23, 24, 25, 26, 27, 28, 29, 30, 31, 32, 33, 34, 35, 36, 37, 38, 39, 40, 41, 42, 43, 44, 45, 46, 47, 48, 49, 50, 51, 52, 53, 54, 55, 56, 57, 58, 59, 60, 61, 62, 63, 64, 65, 66, 67, 68, 69, 70, 71, 72, 73, 74, 75, 76, 77, 78, 79, 80, 81, 82, 83, 84, 85, 86, 87, 88, 89, 90, 91, 92, 93, 94, 95, 96, 97, 98, 99, 100], "network_type": "MVNN", "batch_size": 50, "epochs": 4000, "l2": 6.23905387117537e-08, "loss_func": "torch.nn.SmoothL1Loss(beta=1 / 32)", "lr": 0.0031408059477069914, "num_hidden_layers": 1, "num_hidden_units": 64, "architecture": [64, 1], "dropout_prob": 0.4561825926447677, "dropout_prob_decay": 0.9214553604557914, "optimizer": "Adam", "clip_grad_norm": 0.00220774129052439, "n_aug": 464, "pi_sqr": 1, "pi_exp": 0.012527555068149041, "pi_above_mean": 224.16009508257906, "c_exp": 116.55181376915036, "init_method": "custom", "random_ts": [0, 1], "trainable_ts": true, "init_E": 1.7394497684512364, "init_Var": 0.08241697777285097, "init_b": 0.05, "init_bias": 0.05, "init_little_const": 0.1, "lin_skip_connection": true}, "results": {"test-scaled-r2": 0.8527479172664446, "test-scaled-kendall_tau": 0.7991730088898434, "test-scaled-mae": 0.025844534456919064, "test-scaled-qloss0": 0.01662120055480045, "test-scaled-qloss0.6": 0.012182480563191345, "test-scaled-qloss0.75": 0.011072800565289071, "test-scaled-qloss0.9": 0.009963120567386798, "test-scaled-qloss0.95": 0.009593227234752701, "test-scaled-qloss1": 0.009223333902118611, "test-scaled-uUB-r2": 0.721279091169786, "test-scaled-uUB-mae": 0.037814602699363604, "test-scaled-uUB-qloss0": 0.034756915278831, "test-scaled-uUB-qloss0.6": 0.01573737856385196, "test-scaled-uUB-qloss0.75": 0.010982494385107202, "test-scaled-uUB-qloss0.9": 0.006227610206362437, "test-scaled-uUB-qloss0.95": 0.00464264881344752, "test-scaled-uUB-qloss1": 0.003057687420532602, "test-r2": 0.8527479172664446, "test-kendall_tau": 0.7991730088898434, "test-mae": 2383523.7987189875, "test-qloss0": 1539385.257833719, "test-qloss0.6": 1122237.2276646476, "test-qloss0.75": 1017950.22012238, "test-qloss0.9": 913663.212580112, "test-qloss0.95": 878900.8767326899, "test-qloss1": 844138.5408852664, "test-uUB-r2": 0.721279091169786, "test-uUB-mae": 3502865.430180005, "test-uUB-qloss0": 3231724.4047689517, "test-uUB-qloss0.6": 1455374.377154212, "test-uUB-qloss0.75": 1011286.8702505283, "test-uUB-qloss0.9": 567199.3633468437, "test-uUB-qloss0.95": 419170.1943789492, "test-uUB-qloss1": 271141.025411054, "test-0-to-0": 1.0, "test-uUB-0-to-0": 1.0, "test-monotonicity_satisfied": 1.0, "test-uUB-monotonicity_satisfied": 1.0, "train-best_epoch": 3961.83, "train-attempts": 1.0, "train-best_attempt": 1.0, "train-time_min": 2.212604093666666, "train-loss": 1.7120374062074007e-06, "train-loss_a": 7.028276974002015e-08, "train-loss_b": 1.891707111702917e-09, "train-loss_c": 1.6398629270497622e-06, "train-scaled-r2": 0.9999997205062285, "train-scaled-kendall_tau": 0.9999696964594523, "train-scaled-mae": 3.5977646708488456e-06, "train-scaled-qloss0": 1.7933055758476249e-06, "train-scaled-qloss0.6": 1.7999976873397833e-06, "train-scaled-qloss0.75": 1.8016707152128225e-06, "train-scaled-qloss0.9": 1.8033437430858611e-06, "train-scaled-qloss0.95": 1.8039014190435413e-06, "train-scaled-qloss1": 1.8044590950012206e-06, "train-scaled-uUB-r2": 0.9999999863360621, "train-scaled-uUB-mae": 6.484175473451613e-06, "train-scaled-uUB-qloss0": 5.093425512313843e-07, "train-scaled-uUB-qloss0.6": 3.7886367738246924e-06, "train-scaled-uUB-qloss0.75": 4.6084603294730175e-06, "train-scaled-uUB-qloss0.9": 5.428283885121344e-06, "train-scaled-uUB-qloss0.95": 5.701558403670787e-06, "train-scaled-uUB-qloss1": 5.9748329222202325e-06, "train-r2": 0.9999997205062285, "train-kendall_tau": 0.9999696964594523, "train-mae": 149.13195456633713, "train-qloss0": 74.25611757564097, "train-qloss0.6": 74.62794922467411, "train-qloss0.75": 74.72090713693237, "train-qloss0.9": 74.81386504919068, "train-qloss0.95": 74.84485101994342, "train-qloss1": 74.8758369906962, "train-uUB-r2": 0.9999999863360621, "train-uUB-mae": 628.3803075454623, "train-uUB-qloss0": 52.16966424209477, "train-uUB-qloss0.6": 366.5942516788584, "train-uUB-qloss0.75": 445.20039853804934, "train-uUB-qloss0.9": 523.8065453972403, "train-uUB-qloss0.95": 550.008594350304, "train-uUB-qloss1": 576.2106433033674}}