{"eval_criterium": {"train-uUB-mae": 1, "test-uUB-qloss0.75": 1}, "config554": {"SATS_domain": "MRVM", "bidder_type": "regional", "num_test_data": 8192, "num_val_data": 0, "num_train_data": 100, "data_gen_method": "admissible_random_uniform", "q": [0, 0.6, 0.75, 0.9, 0.95, 1], "seeds": [1, 2, 3, 4, 5, 6, 7, 8, 9, 10, 11, 12, 13, 14, 15, 16, 17, 18, 19, 20, 21, 22, 23, 24, 25, 26, 27, 28, 29, 30, 31, 32, 33, 34, 35, 36, 37, 38, 39, 40, 41, 42, 43, 44, 45, 46, 47, 48, 49, 50, 51, 52, 53, 54, 55, 56, 57, 58, 59, 60, 61, 62, 63, 64, 65, 66, 67, 68, 69, 70, 71, 72, 73, 74, 75, 76, 77, 78, 79, 80, 81, 82, 83, 84, 85, 86, 87, 88, 89, 90, 91, 92, 93, 94, 95, 96, 97, 98, 99, 100], "network_type": "MVNN", "batch_size": 100, "epochs": 7000, "l2": 1.2697784177550703e-10, "loss_func": "torch.nn.SmoothL1Loss(beta=1 / 32)", "lr": 0.0035044207368069473, "num_hidden_layers": 1, "num_hidden_units": 96, "architecture": [96, 1], "dropout_prob": 0.6145451096798262, "dropout_prob_decay": 0.7510853351134016, "optimizer": "Adam", "clip_grad_norm": 0.0007012915706354517, "n_aug": 416, "pi_sqr": 1, "pi_exp": 3.95758686157691e-05, "pi_above_mean": 251.24012545587476, "c_exp": 204.6746204237118, "init_method": "custom", "random_ts": [0, 1], "trainable_ts": true, "init_E": 1.3921350077929047, "init_Var": 0.032195143268019324, "init_b": 0.05, "init_bias": 0.05, "init_little_const": 0.1, "lin_skip_connection": true}, "results": {"test-scaled-r2": 0.835699870347585, "test-scaled-kendall_tau": 0.7861903664686924, "test-scaled-mae": 0.023474691454180175, "test-scaled-qloss0": 0.014558880704175863, "test-scaled-qloss0.6": 0.011173038731672937, "test-scaled-qloss0.75": 0.010326578238547199, "test-scaled-qloss0.9": 0.009480117745421467, "test-scaled-qloss0.95": 0.009197964247712886, "test-scaled-qloss1": 0.008915810750004312, "test-scaled-uUB-r2": 0.7627386669537728, "test-scaled-uUB-mae": 0.02810005977253695, "test-scaled-uUB-qloss0": 0.02360549638764951, "test-scaled-uUB-qloss0.6": 0.012138936585992268, "test-scaled-uUB-qloss0.75": 0.00927229663557796, "test-scaled-uUB-qloss0.9": 0.006405656685163649, "test-scaled-uUB-qloss0.95": 0.0054501100350255426, "test-scaled-uUB-qloss1": 0.004494563384887442, "test-r2": 0.835699870347585, "test-kendall_tau": 0.7861903664686924, "test-mae": 8523552.203227494, "test-qloss0": 5316536.110151886, "test-qloss0.6": 4050824.099906119, "test-qloss0.75": 3734396.0973446756, "test-qloss0.9": 3417968.0947832316, "test-qloss0.95": 3312492.0939294184, "test-qloss1": 3207016.0930756056, "test-uUB-r2": 0.7627386669537728, "test-uUB-mae": 10314809.047957685, "test-uUB-qloss0": 8706417.13566923, "test-uUB-qloss0.6": 4447602.001640767, "test-uUB-qloss0.75": 3382898.218133651, "test-uUB-qloss0.9": 2318194.434626535, "test-uUB-qloss0.95": 1963293.1734574959, "test-uUB-qloss1": 1608391.9122884574, "test-0-to-0": 1.0, "test-uUB-0-to-0": 1.0, "test-monotonicity_satisfied": 1.0, "test-uUB-monotonicity_satisfied": 1.0, "train-best_epoch": 6876.76, "train-attempts": 1.0, "train-best_attempt": 1.0, "train-time_min": 2.671126958666666, "train-loss": 6.796561220046015e-08, "train-loss_a": 3.780787961377386e-11, "train-loss_b": 1.0299125143553577e-08, "train-loss_c": 5.762867990366516e-08, "train-scaled-r2": 0.9999999998322748, "train-scaled-kendall_tau": 0.9999959595959595, "train-scaled-mae": 2.0524263381958005e-07, "train-scaled-qloss0": 1.0162964463233949e-07, "train-scaled-qloss0.6": 1.0281965136528016e-07, "train-scaled-qloss0.75": 1.0311715304851521e-07, "train-scaled-qloss0.9": 1.0341465473175045e-07, "train-scaled-qloss0.95": 1.0351382195949555e-07, "train-scaled-qloss1": 1.036129891872406e-07, "train-scaled-uUB-r2": 0.9999997947548462, "train-scaled-uUB-mae": 2.0344226807355886e-05, "train-scaled-uUB-qloss0": 1.9343137741088866e-06, "train-scaled-uUB-qloss0.6": 1.1819673329591759e-05, "train-scaled-uUB-qloss0.75": 1.4291013218462463e-05, "train-scaled-uUB-qloss0.9": 1.6762353107333188e-05, "train-scaled-uUB-qloss0.95": 1.7586133070290095e-05, "train-scaled-uUB-qloss1": 1.8409913033247002e-05, "train-r2": 0.9999999998322748, "train-kendall_tau": 0.9999959595959595, "train-mae": 101.93441269178393, "train-qloss0": 50.49584993810653, "train-qloss0.6": 51.061477627449065, "train-qloss0.75": 51.20288454978468, "train-qloss0.9": 51.34429147212033, "train-qloss0.95": 51.39142711289884, "train-qloss1": 51.43856275367737, "train-uUB-r2": 0.9999997947548462, "train-uUB-mae": 7650.943041979455, "train-uUB-qloss0": 737.0044486713887, "train-uUB-qloss0.6": 4443.1649354533965, "train-uUB-qloss0.75": 5369.705057148898, "train-uUB-qloss0.9": 6296.245178844399, "train-uUB-qloss0.95": 6605.091886076232, "train-uUB-qloss1": 6913.938593308067}}