{"eval_criterium": {"train-uUB-mae": 1, "test-uUB-qloss0.6": 1}, "config239": {"SATS_domain": "SRVM", "bidder_type": "national", "num_test_data": 8192, "num_val_data": 0, "num_train_data": 100, "data_gen_method": "admissible_random_uniform", "q": [0, 0.6, 0.75, 0.9, 0.95, 1], "seeds": [1, 2, 3, 4, 5, 6, 7, 8, 9, 10, 11, 12, 13, 14, 15, 16, 17, 18, 19, 20, 21, 22, 23, 24, 25, 26, 27, 28, 29, 30, 31, 32, 33, 34, 35, 36, 37, 38, 39, 40, 41, 42, 43, 44, 45, 46, 47, 48, 49, 50, 51, 52, 53, 54, 55, 56, 57, 58, 59, 60, 61, 62, 63, 64, 65, 66, 67, 68, 69, 70, 71, 72, 73, 74, 75, 76, 77, 78, 79, 80, 81, 82, 83, 84, 85, 86, 87, 88, 89, 90, 91, 92, 93, 94, 95, 96, 97, 98, 99, 100], "network_type": "MVNN", "batch_size": 25, "epochs": 1750, "l2": 7.268318586354076e-08, "loss_func": "torch.nn.SmoothL1Loss(beta=1 / 128)", "lr": 0.004134776134469993, "num_hidden_layers": 2, "num_hidden_units": 32, "architecture": [32, 2], "dropout_prob": 0.048984487042365465, "dropout_prob_decay": 0.9136537829824216, "optimizer": "Adam", "clip_grad_norm": 0.002383817798387231, "n_aug": 400, "pi_sqr": 1, "pi_exp": 1.0724800619986848e-05, "pi_above_mean": 241.83340932627962, "c_exp": 65.69848609022586, "init_method": "custom", "random_ts": [0, 1], "trainable_ts": false, "init_E": 1.3477749159319679, "init_Var": 0.022333742655933783, "init_b": 0.05, "init_bias": 0.05, "init_little_const": 0.1, "lin_skip_connection": true}, "results": {"test-scaled-r2": 0.9984842633444002, "test-scaled-kendall_tau": 0.9422645812321394, "test-scaled-mae": 0.004975842881749486, "test-scaled-qloss0": 0.0025527565882293855, "test-scaled-qloss0.6": 0.002474954411403815, "test-scaled-qloss0.75": 0.0024555038671974215, "test-scaled-qloss0.9": 0.0024360533229910285, "test-scaled-qloss0.95": 0.0024295698082555635, "test-scaled-qloss1": 0.0024230862935201002, "test-scaled-uUB-r2": 0.9984832946586799, "test-scaled-uUB-mae": 0.004698191614020289, "test-scaled-uUB-qloss0": 0.002592161251345715, "test-scaled-uUB-qloss0.6": 0.0023004827181430307, "test-scaled-uUB-qloss0.75": 0.002227563084842359, "test-scaled-uUB-qloss0.9": 0.002154643451541687, "test-scaled-uUB-qloss0.95": 0.0021303369071081304, "test-scaled-uUB-qloss1": 0.0021060303626745736, "test-r2": 0.9984842633444002, "test-kendall_tau": 0.9422645812321394, "test-mae": 15.698952549503183, "test-qloss0": 8.022498550009043, "test-qloss0.6": 7.814871819700102, "test-qloss0.75": 7.762965137122863, "test-qloss0.9": 7.711058454545631, "test-qloss0.95": 7.693756227019889, "test-qloss1": 7.676453999494142, "test-uUB-r2": 0.9984832946586799, "test-uUB-mae": 14.823608114081344, "test-uUB-qloss0": 8.174314186089278, "test-uUB-qloss0.6": 7.2593020312309475, "test-uUB-qloss0.75": 7.030548992516369, "test-uUB-qloss0.9": 6.801795953801792, "test-uUB-qloss0.95": 6.7255449408969294, "test-uUB-qloss1": 6.649293927992067, "test-0-to-0": 1.0, "test-uUB-0-to-0": 1.0, "test-monotonicity_satisfied": 1.0, "test-uUB-monotonicity_satisfied": 1.0, "train-best_epoch": 1717.07, "train-attempts": 1.0, "train-best_attempt": 1.0, "train-time_min": 1.3661020273333329, "train-loss": 3.1626545047984677e-05, "train-loss_a": 2.8737185755711715e-05, "train-loss_b": 1.1104767885261602e-06, "train-loss_c": 1.7788829419629338e-06, "train-scaled-r2": 0.9999878963645209, "train-scaled-kendall_tau": 0.9941298570920961, "train-scaled-mae": 0.00023144122213125228, "train-scaled-qloss0": 0.0001180865004658699, "train-scaled-qloss0.6": 0.00011524743318557742, "train-scaled-qloss0.75": 0.00011453766636550424, "train-scaled-qloss0.9": 0.00011382789954543115, "train-scaled-qloss0.95": 0.00011359131060540677, "train-scaled-qloss1": 0.00011335472166538241, "train-scaled-uUB-r2": 0.9999974485689314, "train-scaled-uUB-mae": 0.00015550695955753328, "train-scaled-uUB-qloss0": 1.910432353615761e-05, "train-scaled-uUB-qloss0.6": 8.948331102728845e-05, "train-scaled-uUB-qloss0.75": 0.00010707805790007107, "train-scaled-uUB-qloss0.9": 0.00012467280477285381, "train-scaled-uUB-qloss0.95": 0.00013053772039711472, "train-scaled-uUB-qloss1": 0.00013640263602137566, "train-r2": 0.9999878963645209, "train-kendall_tau": 0.9941298570920961, "train-mae": 0.7373687311876447, "train-qloss0": 0.3773007046140488, "train-qloss0.6": 0.3669610977897771, "train-qloss0.75": 0.36437619608370914, "train-qloss0.9": 0.36179129437764135, "train-qloss0.95": 0.36092966047561864, "train-qloss1": 0.360068026573596, "train-uUB-r2": 0.9999974485689314, "train-uUB-mae": 0.5007424032512537, "train-uUB-qloss0": 0.06159667952609251, "train-uUB-qloss0.6": 0.2881261060455335, "train-uUB-qloss0.75": 0.3447584626753939, "train-uUB-qloss0.9": 0.40139081930525417, "train-uUB-qloss0.95": 0.4202682715152078, "train-uUB-qloss1": 0.439145723725161}}