{"eval_criterium": {"train-uUB-mae": 1, "test-uUB-qloss0.9": 1}, "config63": {"SATS_domain": "SRVM", "bidder_type": "national", "num_test_data": 8192, "num_val_data": 0, "num_train_data": 100, "data_gen_method": "admissible_random_uniform", "q": [0, 0.6, 0.75, 0.9, 0.95, 1], "seeds": [1, 2, 3, 4, 5, 6, 7, 8, 9, 10, 11, 12, 13, 14, 15, 16, 17, 18, 19, 20, 21, 22, 23, 24, 25, 26, 27, 28, 29, 30, 31, 32, 33, 34, 35, 36, 37, 38, 39, 40, 41, 42, 43, 44, 45, 46, 47, 48, 49, 50, 51, 52, 53, 54, 55, 56, 57, 58, 59, 60, 61, 62, 63, 64, 65, 66, 67, 68, 69, 70, 71, 72, 73, 74, 75, 76, 77, 78, 79, 80, 81, 82, 83, 84, 85, 86, 87, 88, 89, 90, 91, 92, 93, 94, 95, 96, 97, 98, 99, 100], "network_type": "MVNN", "batch_size": 25, "epochs": 1875, "l2": 1.5139617411486348e-08, "loss_func": "torch.nn.SmoothL1Loss(beta=1 / 32)", "lr": 0.005727216968981516, "num_hidden_layers": 2, "num_hidden_units": 32, "architecture": [32, 2], "dropout_prob": 0.32944159216004754, "dropout_prob_decay": 0.9224327313016314, "optimizer": "Adam", "clip_grad_norm": 7.925250985412433e-05, "n_aug": 272, "pi_sqr": 1, "pi_exp": 0.276906103612703, "pi_above_mean": 135.6778884526491, "c_exp": 104.54259789801469, "init_method": "custom", "random_ts": [0, 1], "trainable_ts": true, "init_E": 1.7936228026297922, "init_Var": 0.061907307637912794, "init_b": 0.05, "init_bias": 0.05, "init_little_const": 0.1, "lin_skip_connection": false}, "results": {"test-scaled-r2": 0.9984414303558641, "test-scaled-kendall_tau": 0.9481719151222818, "test-scaled-mae": 0.0046126382989223206, "test-scaled-qloss0": 0.002514834158037047, "test-scaled-qloss0.6": 0.0022646161477459835, "test-scaled-qloss0.75": 0.002202061645173217, "test-scaled-qloss0.9": 0.00213950714260045, "test-scaled-qloss0.95": 0.0021186556417428616, "test-scaled-qloss1": 0.002097804140885273, "test-scaled-uUB-r2": 0.9940689718207135, "test-scaled-uUB-mae": 0.008797541550613346, "test-scaled-uUB-qloss0": 0.007530789148249823, "test-scaled-uUB-qloss0.6": 0.003772367100718042, "test-scaled-uUB-qloss0.75": 0.0028327615888350975, "test-scaled-uUB-qloss0.9": 0.001893156076952153, "test-scaled-uUB-qloss0.95": 0.001579954239657838, "test-scaled-uUB-qloss1": 0.0012667524023635224, "test-r2": 0.9984414303558641, "test-kendall_tau": 0.9481719151222818, "test-mae": 14.565388582449916, "test-qloss0": 7.916455838901705, "test-qloss0.6": 7.155941981689608, "test-qloss0.75": 6.965813517386583, "test-qloss0.9": 6.775685053083558, "test-qloss0.95": 6.712308898315882, "test-qloss1": 6.64893274354821, "test-uUB-r2": 0.9940689718207135, "test-uUB-mae": 27.83897484084379, "test-uUB-qloss0": 23.810416537695364, "test-uUB-qloss0.6": 11.94130159696719, "test-uUB-qloss0.75": 8.974022861785148, "test-uUB-qloss0.9": 6.006744126603099, "test-uUB-qloss0.95": 5.017651214875749, "test-uUB-qloss1": 4.028558303148398, "test-0-to-0": 1.0, "test-uUB-0-to-0": 1.0, "test-monotonicity_satisfied": 1.0, "test-uUB-monotonicity_satisfied": 1.0, "train-best_epoch": 1843.33, "train-attempts": 1.0, "train-best_attempt": 1.0, "train-time_min": 1.6950048475, "train-loss": 2.07197368706602e-05, "train-loss_a": 1.557253023323213e-05, "train-loss_b": 1.311579878339464e-07, "train-loss_c": 5.016048698358588e-06, "train-scaled-r2": 0.9999883351930495, "train-scaled-kendall_tau": 0.9912113370961468, "train-scaled-mae": 0.0004228945195674895, "train-scaled-qloss0": 0.000211286735534668, "train-scaled-qloss0.6": 0.0002114793646335602, "train-scaled-qloss0.75": 0.0002115275219082831, "train-scaled-qloss0.9": 0.00021157567918300628, "train-scaled-qloss0.95": 0.00021159173160791394, "train-scaled-qloss1": 0.00021160778403282165, "train-scaled-uUB-r2": 0.9999996738044196, "train-scaled-uUB-mae": 3.9478420466184626e-05, "train-scaled-uUB-qloss0": 5.558459460735324e-06, "train-scaled-uUB-qloss0.6": 2.2575360387563707e-05, "train-scaled-uUB-qloss0.75": 2.6829585619270806e-05, "train-scaled-uUB-qloss0.9": 3.108381085097789e-05, "train-scaled-uUB-qloss0.95": 3.25018859282136e-05, "train-scaled-uUB-qloss1": 3.391996100544929e-05, "train-r2": 0.9999883351930495, "train-kendall_tau": 0.9912113370961468, "train-mae": 1.331553002512952, "train-qloss0": 0.6646502424730559, "train-qloss0.6": 0.6660017530131604, "train-qloss0.75": 0.6663396306481864, "train-qloss0.9": 0.6666775082832126, "train-qloss0.95": 0.6667901341615544, "train-qloss1": 0.6669027600398963, "train-uUB-r2": 0.9999996738044196, "train-uUB-mae": 0.12762251470337943, "train-uUB-qloss0": 0.01828537711470671, "train-uUB-qloss0.6": 0.07291643339908632, "train-uUB-qloss0.75": 0.0865741974701812, "train-uUB-qloss0.9": 0.10023196154127606, "train-uUB-qloss0.95": 0.10478454956497445, "train-uUB-qloss1": 0.10933713758867272}}