{"eval_criterium": {"train-uUB-mae": 1, "test-uUB-qloss0.75": 1}, "config207": {"SATS_domain": "SRVM", "bidder_type": "high_frequency", "num_test_data": 8192, "num_val_data": 0, "num_train_data": 100, "data_gen_method": "admissible_random_uniform", "q": [0, 0.6, 0.75, 0.9, 0.95, 1], "seeds": [1, 2, 3, 4, 5, 6, 7, 8, 9, 10, 11, 12, 13, 14, 15, 16, 17, 18, 19, 20, 21, 22, 23, 24, 25, 26, 27, 28, 29, 30, 31, 32, 33, 34, 35, 36, 37, 38, 39, 40, 41, 42, 43, 44, 45, 46, 47, 48, 49, 50, 51, 52, 53, 54, 55, 56, 57, 58, 59, 60, 61, 62, 63, 64, 65, 66, 67, 68, 69, 70, 71, 72, 73, 74, 75, 76, 77, 78, 79, 80, 81, 82, 83, 84, 85, 86, 87, 88, 89, 90, 91, 92, 93, 94, 95, 96, 97, 98, 99, 100], "network_type": "MVNN", "batch_size": 50, "epochs": 2750, "l2": 2.309749861458819e-07, "loss_func": "torch.nn.SmoothL1Loss(beta=1 / 64)", "lr": 0.0015731843010779974, "num_hidden_layers": 2, "num_hidden_units": 32, "architecture": [32, 2], "dropout_prob": 0.19814342695886938, "dropout_prob_decay": 0.9297334093935936, "optimizer": "Adam", "clip_grad_norm": 0.00029998750591531755, "n_aug": 160, "pi_sqr": 1, "pi_exp": 0.0009881389717443935, "pi_above_mean": 163.48808372059474, "c_exp": 127.39763454306241, "init_method": "custom", "random_ts": [0, 1], "trainable_ts": true, "init_E": 1.6944519383333283, "init_Var": 0.05290481983239306, "init_b": 0.05, "init_bias": 0.05, "init_little_const": 0.1, "lin_skip_connection": false}, "results": {"test-scaled-r2": 0.9187380092568435, "test-scaled-kendall_tau": 0.9063524248254976, "test-scaled-mae": 0.00869416234543678, "test-scaled-qloss0": 0.004553607360667229, "test-scaled-qloss0.6": 0.0043057759351286225, "test-scaled-qloss0.75": 0.0042438180787439704, "test-scaled-qloss0.9": 0.0041818602223593175, "test-scaled-qloss0.95": 0.0041612076035644355, "test-scaled-qloss1": 0.004140554984769551, "test-scaled-uUB-r2": 0.9047344262955967, "test-scaled-uUB-mae": 0.010701097163018859, "test-scaled-uUB-qloss0": 0.00823202519397455, "test-scaled-uUB-qloss0.6": 0.0047742532590164055, "test-scaled-uUB-qloss0.75": 0.003909810275276868, "test-scaled-uUB-qloss0.9": 0.0030453672915373327, "test-scaled-uUB-qloss0.95": 0.0027572196302908195, "test-scaled-uUB-qloss1": 0.0024690719690443077, "test-r2": 0.9187380092568435, "test-kendall_tau": 0.9063524248254976, "test-mae": 4.3560342327334896, "test-qloss0": 2.2841024708502515, "test-qloss0.6": 2.1568000454700447, "test-qloss0.75": 2.124974439124993, "test-qloss0.9": 2.0931488327799403, "test-qloss0.95": 2.08254029733159, "test-qloss1": 2.0719317618832394, "test-uUB-r2": 0.9047344262955967, "test-uUB-mae": 5.36781242949231, "test-uUB-qloss0": 4.131363516191563, "test-uUB-qloss0.6": 2.3944147544570735, "test-uUB-qloss0.75": 1.9601775640234513, "test-uUB-qloss0.9": 1.5259403735898287, "test-uUB-qloss0.95": 1.3811946434452893, "test-uUB-qloss1": 1.2364489133007475, "test-0-to-0": 1.0, "test-uUB-0-to-0": 1.0, "test-monotonicity_satisfied": 1.0, "test-uUB-monotonicity_satisfied": 1.0, "train-best_epoch": 2675.51, "train-attempts": 1.0, "train-best_attempt": 1.0, "train-time_min": 1.2604005041666668, "train-loss": 7.629659163796987e-06, "train-loss_a": 6.146832481556405e-06, "train-loss_b": 9.66585172629264e-08, "train-loss_c": 1.3861681290450178e-06, "train-scaled-r2": 0.9999354434523502, "train-scaled-kendall_tau": 0.9852248017313259, "train-scaled-mae": 0.00011209464073181158, "train-scaled-qloss0": 5.638568997383118e-05, "train-scaled-qloss0.6": 5.597964644432068e-05, "train-scaled-qloss0.75": 5.587813556194305e-05, "train-scaled-qloss0.9": 5.577662467956543e-05, "train-scaled-qloss0.95": 5.5742787718772896e-05, "train-scaled-qloss1": 5.570895075798036e-05, "train-scaled-uUB-r2": 0.9999966301433596, "train-scaled-uUB-mae": 5.11890023946762e-05, "train-scaled-uUB-qloss0": 5.252954363822937e-06, "train-scaled-uUB-qloss0.6": 2.9662810564041134e-05, "train-scaled-uUB-qloss0.75": 3.576527461409569e-05, "train-scaled-uUB-qloss0.9": 4.186773866415023e-05, "train-scaled-uUB-qloss0.95": 4.390189334750175e-05, "train-scaled-uUB-qloss1": 4.593604803085325e-05, "train-r2": 0.9999354434523502, "train-kendall_tau": 0.9852248017313259, "train-mae": 0.055908669930817806, "train-qloss0": 0.02804235272656969, "train-qloss0.6": 0.027936731413176753, "train-qloss0.75": 0.027910326084828515, "train-qloss0.9": 0.027883920756480295, "train-qloss0.95": 0.027875118980364193, "train-qloss1": 0.027866317204248117, "train-uUB-r2": 0.9999966301433596, "train-uUB-mae": 0.025870598739770864, "train-uUB-qloss0": 0.002623591754896552, "train-uUB-qloss0.6": 0.014997640892883204, "train-uUB-qloss0.75": 0.018091153177379877, "train-uUB-qloss0.9": 0.021184665461876542, "train-uUB-qloss0.95": 0.022215836223375418, "train-uUB-qloss1": 0.023247006984874315}}