{"eval_criterium": {"train-uUB-mae": 1, "test-uUB-qloss0.9": 1}, "config12": {"SATS_domain": "SRVM", "bidder_type": "high_frequency", "num_test_data": 8192, "num_val_data": 0, "num_train_data": 100, "data_gen_method": "admissible_random_uniform", "q": [0, 0.6, 0.75, 0.9, 0.95, 1], "seeds": [1, 2, 3, 4, 5, 6, 7, 8, 9, 10, 11, 12, 13, 14, 15, 16, 17, 18, 19, 20, 21, 22, 23, 24, 25, 26, 27, 28, 29, 30, 31, 32, 33, 34, 35, 36, 37, 38, 39, 40, 41, 42, 43, 44, 45, 46, 47, 48, 49, 50, 51, 52, 53, 54, 55, 56, 57, 58, 59, 60, 61, 62, 63, 64, 65, 66, 67, 68, 69, 70, 71, 72, 73, 74, 75, 76, 77, 78, 79, 80, 81, 82, 83, 84, 85, 86, 87, 88, 89, 90, 91, 92, 93, 94, 95, 96, 97, 98, 99, 100], "network_type": "MVNN", "batch_size": 50, "epochs": 2750, "l2": 7.420258922157823e-08, "loss_func": "torch.nn.SmoothL1Loss(beta=1 / 32)", "lr": 0.0026038461099515786, "num_hidden_layers": 2, "num_hidden_units": 32, "architecture": [32, 2], "dropout_prob": 0.1644690131961186, "dropout_prob_decay": 0.9405471117223612, "optimizer": "Adam", "clip_grad_norm": 0.00026377453890126583, "n_aug": 272, "pi_sqr": 1, "pi_exp": 0.044836465137014156, "pi_above_mean": 128.54395933267537, "c_exp": 217.5276142778939, "init_method": "custom", "random_ts": [0, 1], "trainable_ts": true, "init_E": 1.695255347397754, "init_Var": 0.026907913309926278, "init_b": 0.05, "init_bias": 0.05, "init_little_const": 0.1, "lin_skip_connection": false}, "results": {"test-scaled-r2": 0.9264436256680569, "test-scaled-kendall_tau": 0.9089780908357481, "test-scaled-mae": 0.008254787824234881, "test-scaled-qloss0": 0.004488081382387463, "test-scaled-qloss0.6": 0.004055256418063437, "test-scaled-qloss0.75": 0.003947050176982429, "test-scaled-qloss0.9": 0.003838843935901422, "test-scaled-qloss0.95": 0.003802775188874419, "test-scaled-qloss1": 0.0037667064418474183, "test-scaled-uUB-r2": 0.8923895835043573, "test-scaled-uUB-mae": 0.012514521860775858, "test-scaled-uUB-qloss0": 0.010620532465745782, "test-scaled-uUB-qloss0.6": 0.005384606623316358, "test-scaled-uUB-qloss0.75": 0.004075625162709002, "test-scaled-uUB-qloss0.9": 0.002766643702101646, "test-scaled-uUB-qloss0.95": 0.002330316548565861, "test-scaled-uUB-qloss1": 0.0018939893950300757, "test-r2": 0.9264436256680569, "test-kendall_tau": 0.9089780908357481, "test-mae": 4.1522972310164175, "test-qloss0": 2.2649499274470752, "test-qloss0.6": 2.0383883531204336, "test-qloss0.75": 1.9817479595387735, "test-qloss0.9": 1.9251075659571122, "test-qloss0.95": 1.9062274347632249, "test-qloss1": 1.887347303569339, "test-uUB-r2": 0.8923895835043573, "test-uUB-mae": 6.294429382962133, "test-uUB-qloss0": 5.3409589825836505, "test-uUB-qloss0.6": 2.7084658332605493, "test-uUB-qloss0.75": 2.050342545929772, "test-uUB-qloss0.9": 1.3922192585989968, "test-uUB-qloss0.95": 1.1728448294887384, "test-uUB-qloss1": 0.9534704003784795, "test-0-to-0": 1.0, "test-uUB-0-to-0": 1.0, "test-monotonicity_satisfied": 1.0, "test-uUB-monotonicity_satisfied": 1.0, "train-best_epoch": 2687.74, "train-attempts": 1.0, "train-best_attempt": 1.0, "train-time_min": 1.0490263264999997, "train-loss": 6.301815739959693e-06, "train-loss_a": 5.284881868891055e-06, "train-loss_b": 1.5668111001052032e-08, "train-loss_c": 1.0012656822766531e-06, "train-scaled-r2": 0.9999260831556892, "train-scaled-kendall_tau": 0.9840102393458513, "train-scaled-mae": 0.0002356168538331986, "train-scaled-qloss0": 0.00011769265830516804, "train-scaled-qloss0.6": 0.00011783158063888549, "train-scaled-qloss0.75": 0.00011786631122231482, "train-scaled-qloss0.9": 0.00011790104180574418, "train-scaled-qloss0.95": 0.0001179126186668873, "train-scaled-qloss1": 0.00011792419552803044, "train-scaled-uUB-r2": 0.9999995573820635, "train-scaled-uUB-mae": 1.6612052917480462e-05, "train-scaled-uUB-qloss0": 2.362006902694702e-06, "train-scaled-uUB-qloss0.6": 9.494830369949342e-06, "train-scaled-uUB-qloss0.75": 1.1278036236762996e-05, "train-scaled-uUB-qloss0.9": 1.3061242103576659e-05, "train-scaled-uUB-qloss0.95": 1.3655644059181213e-05, "train-scaled-uUB-qloss1": 1.4250046014785763e-05, "train-r2": 0.9999260831556892, "train-kendall_tau": 0.9840102393458513, "train-mae": 0.11457579448224052, "train-qloss0": 0.05723545940919176, "train-qloss0.6": 0.057298384807506, "train-qloss0.75": 0.05731411615708457, "train-qloss0.9": 0.05732984750666315, "train-qloss0.95": 0.057335091289856, "train-qloss1": 0.057340335073048844, "train-uUB-r2": 0.9999995573820635, "train-uUB-mae": 0.00831314082223089, "train-uUB-qloss0": 0.0011584369054953641, "train-uUB-qloss0.6": 0.00475619711223946, "train-uUB-qloss0.75": 0.005655637163925484, "train-uUB-qloss0.9": 0.006555077215611509, "train-uUB-qloss0.95": 0.006854890566173516, "train-uUB-qloss1": 0.007154703916735524}}