{"eval_criterium": {"train-uUB-mae": 1, "test-uUB-qloss0.6": 1}, "config282": {"SATS_domain": "SRVM", "bidder_type": "high_frequency", "num_test_data": 8192, "num_val_data": 0, "num_train_data": 100, "data_gen_method": "admissible_random_uniform", "q": [0, 0.6, 0.75, 0.9, 0.95, 1], "seeds": [1, 2, 3, 4, 5, 6, 7, 8, 9, 10, 11, 12, 13, 14, 15, 16, 17, 18, 19, 20, 21, 22, 23, 24, 25, 26, 27, 28, 29, 30, 31, 32, 33, 34, 35, 36, 37, 38, 39, 40, 41, 42, 43, 44, 45, 46, 47, 48, 49, 50, 51, 52, 53, 54, 55, 56, 57, 58, 59, 60, 61, 62, 63, 64, 65, 66, 67, 68, 69, 70, 71, 72, 73, 74, 75, 76, 77, 78, 79, 80, 81, 82, 83, 84, 85, 86, 87, 88, 89, 90, 91, 92, 93, 94, 95, 96, 97, 98, 99, 100], "network_type": "MVNN", "batch_size": 25, "epochs": 1500, "l2": 1.3654151728512948e-10, "loss_func": "torch.nn.SmoothL1Loss(beta=1 / 32)", "lr": 0.005396734922345001, "num_hidden_layers": 2, "num_hidden_units": 32, "architecture": [32, 2], "dropout_prob": 0.27327089313659986, "dropout_prob_decay": 0.7857254854539715, "optimizer": "Adam", "clip_grad_norm": 0.8704399572653931, "n_aug": 176, "pi_sqr": 1, "pi_exp": 1.0260161085766466e-05, "pi_above_mean": 149.6559784347914, "c_exp": 66.33985485935516, "init_method": "custom", "random_ts": [0, 1], "trainable_ts": false, "init_E": 1.6383757414494369, "init_Var": 0.08652171086495614, "init_b": 0.05, "init_bias": 0.05, "init_little_const": 0.1, "lin_skip_connection": false}, "results": {"test-scaled-r2": 0.8675812160902054, "test-scaled-kendall_tau": 0.8587719699220341, "test-scaled-mae": 0.01055715153708661, "test-scaled-qloss0": 0.006156960962671292, "test-scaled-qloss0.6": 0.005102898729717708, "test-scaled-qloss0.75": 0.004839383171479313, "test-scaled-qloss0.9": 0.004575867613240916, "test-scaled-qloss0.95": 0.004488029093828119, "test-scaled-qloss1": 0.004400190574415319, "test-scaled-uUB-r2": 0.9088099152330699, "test-scaled-uUB-mae": 0.008872210700355937, "test-scaled-uUB-qloss0": 0.005498589059970982, "test-scaled-uUB-qloss0.6": 0.004223608608219367, "test-scaled-uUB-qloss0.75": 0.003904863495281461, "test-scaled-uUB-qloss0.9": 0.0035861183823435567, "test-scaled-uUB-qloss0.95": 0.003479870011364255, "test-scaled-uUB-qloss1": 0.003373621640384954, "test-r2": 0.8675812160902054, "test-kendall_tau": 0.8587719699220341, "test-mae": 5.274090354381388, "test-qloss0": 3.070889042859315, "test-qloss0.6": 2.5502764040569694, "test-qloss0.75": 2.420123244356384, "test-qloss0.9": 2.2899700846557995, "test-qloss0.95": 2.2465856980889365, "test-qloss1": 2.2032013115220748, "test-uUB-r2": 0.9088099152330699, "test-uUB-mae": 4.452440634498082, "test-uUB-qloss0": 2.760556092340179, "test-uUB-qloss0.6": 2.1193531622308144, "test-uUB-qloss0.75": 1.9590524297034728, "test-uUB-qloss0.9": 1.7987516971761306, "test-uUB-qloss0.95": 1.7453181196670173, "test-uUB-qloss1": 1.6918845421579038, "test-0-to-0": 1.0, "test-uUB-0-to-0": 1.0, "test-monotonicity_satisfied": 1.0, "test-uUB-monotonicity_satisfied": 1.0, "train-best_epoch": 1395.82, "train-attempts": 1.04, "train-best_attempt": 1.04, "train-time_min": 1.2279664005, "train-loss": 0.0031711083295310515, "train-loss_a": 0.0031615569094268904, "train-loss_b": 4.617327234721636e-06, "train-loss_c": 4.9340634892303116e-06, "train-scaled-r2": 0.9494643761671472, "train-scaled-kendall_tau": 0.9318241538157883, "train-scaled-mae": 0.002290157395601272, "train-scaled-qloss0": 0.0012608784288167952, "train-scaled-qloss0.6": 0.0011219187515974043, "train-scaled-qloss0.75": 0.0010871788322925563, "train-scaled-qloss0.9": 0.0010524389129877092, "train-scaled-qloss0.95": 0.0010408589398860934, "train-scaled-qloss1": 0.0010292789667844771, "train-scaled-uUB-r2": 0.9998762861759569, "train-scaled-uUB-mae": 0.00030058799088001264, "train-scaled-uUB-qloss0": 3.36610198020935e-05, "train-scaled-uUB-qloss0.6": 0.00017362059056758882, "train-scaled-uUB-qloss0.75": 0.00020861048325896268, "train-scaled-uUB-qloss0.9": 0.00024360037595033655, "train-scaled-uUB-qloss0.95": 0.0002552636735141277, "train-scaled-uUB-qloss1": 0.000266926971077919, "train-r2": 0.9494643761671472, "train-kendall_tau": 0.9318241538157883, "train-mae": 1.12182077476049, "train-qloss0": 0.6167810892136538, "train-qloss0.6": 0.5497362470135629, "train-qloss0.75": 0.5329750364635405, "train-qloss0.9": 0.5162138259135175, "train-qloss0.95": 0.5106267557301768, "train-qloss1": 0.5050396855468361, "train-uUB-r2": 0.9998762861759569, "train-uUB-mae": 0.15353421300527784, "train-uUB-qloss0": 0.0171819743707787, "train-uUB-qloss0.6": 0.08868413292901105, "train-uUB-qloss0.75": 0.10655967256856907, "train-uUB-qloss0.9": 0.12443521220812719, "train-uUB-qloss0.95": 0.13039372542131314, "train-uUB-qloss1": 0.13635223863449913}}