{"eval_criterium": {"train-uUB-mae": 1, "test-uUB-qloss0.75": 1}, "config386": {"SATS_domain": "SRVM", "bidder_type": "local", "num_test_data": 8192, "num_val_data": 0, "num_train_data": 100, "data_gen_method": "admissible_random_uniform", "q": [0, 0.6, 0.75, 0.9, 0.95, 1], "seeds": [1, 2, 3, 4, 5, 6, 7, 8, 9, 10, 11, 12, 13, 14, 15, 16, 17, 18, 19, 20, 21, 22, 23, 24, 25, 26, 27, 28, 29, 30, 31, 32, 33, 34, 35, 36, 37, 38, 39, 40, 41, 42, 43, 44, 45, 46, 47, 48, 49, 50, 51, 52, 53, 54, 55, 56, 57, 58, 59, 60, 61, 62, 63, 64, 65, 66, 67, 68, 69, 70, 71, 72, 73, 74, 75, 76, 77, 78, 79, 80, 81, 82, 83, 84, 85, 86, 87, 88, 89, 90, 91, 92, 93, 94, 95, 96, 97, 98, 99, 100], "network_type": "MVNN", "batch_size": 50, "epochs": 3500, "l2": 1.7320728992433584e-10, "loss_func": "torch.nn.SmoothL1Loss(beta=1 / 64)", "lr": 0.001269463246908705, "num_hidden_layers": 3, "num_hidden_units": 16, "architecture": [16, 3], "dropout_prob": 0.4337629739696673, "dropout_prob_decay": 0.9522049199674438, "optimizer": "Adam", "clip_grad_norm": 1.761587983126161e-05, "n_aug": 144, "pi_sqr": 1, "pi_exp": 6.696678772040244e-05, "pi_above_mean": 175.66219684044142, "c_exp": 193.18137713173908, "init_method": "custom", "random_ts": [0, 1], "trainable_ts": true, "init_E": 1.173410424661299, "init_Var": 0.02378415634815022, "init_b": 0.05, "init_bias": 0.05, "init_little_const": 0.1, "lin_skip_connection": false}, "results": {"test-scaled-r2": 0.9121981824902086, "test-scaled-kendall_tau": 0.8426722282170352, "test-scaled-mae": 0.007724631187549528, "test-scaled-qloss0": 0.0052015354246958264, "test-scaled-qloss0.6": 0.0035944716275905513, "test-scaled-qloss0.75": 0.0031927056783142317, "test-scaled-qloss0.9": 0.0027909397290379135, "test-scaled-qloss0.95": 0.0026570177459458054, "test-scaled-qloss1": 0.0025230957628537, "test-scaled-uUB-r2": 0.989619950000247, "test-scaled-uUB-mae": 0.0018115299722243083, "test-scaled-uUB-qloss0": 0.0014645237542712142, "test-scaled-uUB-qloss0.6": 0.0007940132324803423, "test-scaled-uUB-qloss0.75": 0.0006263856020326242, "test-scaled-uUB-qloss0.9": 0.0004587579715849059, "test-scaled-uUB-qloss0.95": 0.0004028820947690001, "test-scaled-uUB-qloss1": 0.0003470062179530942, "test-r2": 0.9121981824902086, "test-kendall_tau": 0.8426722282170352, "test-mae": 0.3584934295364491, "test-qloss0": 0.23886246319319362, "test-qloss0.6": 0.16732356508323062, "test-qloss0.75": 0.14943884055573978, "test-qloss0.9": 0.13155411602824899, "test-qloss0.95": 0.1255925411857521, "test-qloss1": 0.11963096634325518, "test-uUB-r2": 0.989619950000247, "test-uUB-mae": 0.08125823021394395, "test-uUB-qloss0": 0.0660172009485192, "test-uUB-qloss0.6": 0.03555149793866255, "test-uUB-qloss0.75": 0.027935072186198374, "test-uUB-qloss0.9": 0.0203186464337342, "test-uUB-qloss0.95": 0.017779837849579493, "test-uUB-qloss1": 0.015241029265424769, "test-0-to-0": 1.0, "test-uUB-0-to-0": 1.0, "test-monotonicity_satisfied": 1.0, "test-uUB-monotonicity_satisfied": 1.0, "train-best_epoch": 3238.35, "train-attempts": 1.02, "train-best_attempt": 1.02, "train-time_min": 1.781367768333333, "train-loss": 0.006722390537240557, "train-loss_a": 0.006659423569080181, "train-loss_b": 5.00221391572353e-06, "train-loss_c": 5.796481361812767e-05, "train-scaled-r2": 0.9266194894254954, "train-scaled-kendall_tau": 0.8340555897970303, "train-scaled-mae": 0.0056938533800991445, "train-scaled-qloss0": 0.0037037514794023905, "train-scaled-qloss0.6": 0.0026755617321790087, "train-scaled-qloss0.75": 0.002418514295373163, "train-scaled-qloss0.9": 0.002161466858567318, "train-scaled-qloss0.95": 0.002075784379632037, "train-scaled-qloss1": 0.001990101900696754, "train-scaled-uUB-r2": 0.9999759432466022, "train-scaled-uUB-mae": 0.0002475846175880789, "train-scaled-uUB-qloss0": 9.455954775527714e-05, "train-scaled-uUB-qloss0.6": 0.0001296388610017919, "train-scaled-uUB-qloss0.75": 0.00013840868931342065, "train-scaled-uUB-qloss0.9": 0.00014717851762504944, "train-scaled-uUB-qloss0.95": 0.00015010179372892553, "train-scaled-uUB-qloss1": 0.00015302506983280175, "train-r2": 0.9266194894254955, "train-kendall_tau": 0.8340555897970303, "train-mae": 0.2657621912726509, "train-qloss0": 0.1704284208061087, "train-qloss0.6": 0.1253716306023688, "train-qloss0.75": 0.11410743305143388, "train-qloss0.9": 0.10284323550049894, "train-qloss0.95": 0.09908850298352061, "train-qloss1": 0.09533377046654228, "train-uUB-r2": 0.9999759432466022, "train-uUB-mae": 0.010679556317223957, "train-uUB-qloss0": 0.004054574296954842, "train-uUB-qloss0.6": 0.005596818930943406, "train-uUB-qloss0.75": 0.005982380089440547, "train-uUB-qloss0.9": 0.006367941247937689, "train-uUB-qloss0.95": 0.006496461634103398, "train-uUB-qloss1": 0.006624982020269114}}