{"eval_criterium": {"train-uUB-mae": 1, "test-uUB-qloss0.6": 1}, "config361": {"SATS_domain": "SRVM", "bidder_type": "regional", "num_test_data": 8192, "num_val_data": 0, "num_train_data": 100, "data_gen_method": "admissible_random_uniform", "q": [0, 0.6, 0.75, 0.9, 0.95, 1], "seeds": [1, 2, 3, 4, 5, 6, 7, 8, 9, 10, 11, 12, 13, 14, 15, 16, 17, 18, 19, 20, 21, 22, 23, 24, 25, 26, 27, 28, 29, 30, 31, 32, 33, 34, 35, 36, 37, 38, 39, 40, 41, 42, 43, 44, 45, 46, 47, 48, 49, 50, 51, 52, 53, 54, 55, 56, 57, 58, 59, 60, 61, 62, 63, 64, 65, 66, 67, 68, 69, 70, 71, 72, 73, 74, 75, 76, 77, 78, 79, 80, 81, 82, 83, 84, 85, 86, 87, 88, 89, 90, 91, 92, 93, 94, 95, 96, 97, 98, 99, 100], "network_type": "MVNN", "batch_size": 25, "epochs": 1375, "l2": 1.8626140267642223e-07, "loss_func": "torch.nn.SmoothL1Loss(beta=1 / 64)", "lr": 0.0021818311714278233, "num_hidden_layers": 2, "num_hidden_units": 32, "architecture": [32, 2], "dropout_prob": 0.7802093066521469, "dropout_prob_decay": 0.8723088957008575, "optimizer": "Adam", "clip_grad_norm": 0.0001647950767289819, "n_aug": 448, "pi_sqr": 1, "pi_exp": 6.609017702712623e-05, "pi_above_mean": 157.4749962435611, "c_exp": 105.55285330260988, "init_method": "custom", "random_ts": [0, 1], "trainable_ts": true, "init_E": 1.8992753750499203, "init_Var": 0.046516360651854605, "init_b": 0.05, "init_bias": 0.05, "init_little_const": 0.1, "lin_skip_connection": false}, "results": {"test-scaled-r2": 0.9967208812319914, "test-scaled-kendall_tau": 0.9523294571270051, "test-scaled-mae": 0.0064077532480087025, "test-scaled-qloss0": 0.003237230388117496, "test-scaled-qloss0.6": 0.0031972058711817225, "test-scaled-qloss0.75": 0.003187199741947779, "test-scaled-qloss0.9": 0.0031771936127138363, "test-scaled-qloss0.95": 0.0031738582363025213, "test-scaled-qloss1": 0.003170522859891207, "test-scaled-uUB-r2": 0.9963342295360643, "test-scaled-uUB-mae": 0.005973848290432215, "test-scaled-uUB-qloss0": 0.0032327824298317865, "test-scaled-uUB-qloss0.6": 0.002937752488292972, "test-scaled-uUB-qloss0.75": 0.0028639950029082685, "test-scaled-uUB-qloss0.9": 0.0027902375175235645, "test-scaled-uUB-qloss0.95": 0.002765651689061997, "test-scaled-uUB-qloss1": 0.002741065860600429, "test-r2": 0.9967208812319914, "test-kendall_tau": 0.9523294571270051, "test-mae": 12.55525868405876, "test-qloss0": 6.3427280120904515, "test-qloss0.6": 6.264609608017167, "test-qloss0.75": 6.2450800069988475, "test-qloss0.9": 6.225550405980528, "test-qloss0.95": 6.21904053897442, "test-qloss1": 6.212530671968313, "test-uUB-r2": 0.9963342295360643, "test-uUB-mae": 11.687437539759586, "test-uUB-qloss0": 6.330420662852866, "test-uUB-qloss0.6": 5.746378391285179, "test-uUB-qloss0.75": 5.600367823393255, "test-uUB-qloss0.9": 5.454357255501334, "test-uUB-qloss0.95": 5.4056870662040275, "test-uUB-qloss1": 5.357016876906718, "test-0-to-0": 1.0, "test-uUB-0-to-0": 1.0, "test-monotonicity_satisfied": 1.0, "test-uUB-monotonicity_satisfied": 1.0, "train-best_epoch": 1329.23, "train-attempts": 1.0, "train-best_attempt": 1.0, "train-time_min": 1.5358318590000002, "train-loss": 9.71320102462414e-05, "train-loss_a": 8.406236764727736e-05, "train-loss_b": 4.885714741149627e-06, "train-loss_c": 8.183928063729695e-06, "train-scaled-r2": 0.9999454174606823, "train-scaled-kendall_tau": 0.9911791200272304, "train-scaled-mae": 0.0006608091577887532, "train-scaled-qloss0": 0.0003322702288627626, "train-scaled-qloss0.6": 0.0003300314489006996, "train-scaled-qloss0.75": 0.00032947175391018386, "train-scaled-qloss0.9": 0.00032891205891966835, "train-scaled-qloss0.95": 0.0003287254939228296, "train-scaled-qloss1": 0.0003285389289259911, "train-scaled-uUB-r2": 0.9999862470900696, "train-scaled-uUB-mae": 0.0003224005848169327, "train-scaled-uUB-qloss0": 5.166281163692475e-05, "train-scaled-uUB-qloss0.6": 0.00018310778856277466, "train-scaled-uUB-qloss0.75": 0.00021596903279423707, "train-scaled-uUB-qloss0.9": 0.00024883027702569965, "train-scaled-uUB-qloss0.95": 0.00025978402510285376, "train-scaled-uUB-qloss1": 0.000270737773180008, "train-r2": 0.9999454174606823, "train-kendall_tau": 0.9911791200272304, "train-mae": 1.3274613371158963, "train-qloss0": 0.6679321310384613, "train-qloss0.6": 0.6628903760618453, "train-qloss0.75": 0.6616299373176918, "train-qloss0.9": 0.6603694985735378, "train-qloss0.95": 0.6599493523254865, "train-qloss1": 0.6595292060774349, "train-uUB-r2": 0.9999862470900696, "train-uUB-mae": 0.6362350341193034, "train-uUB-qloss0": 0.10182514629476247, "train-uUB-qloss0.6": 0.36137599121262953, "train-uUB-qloss0.75": 0.42626370244209594, "train-uUB-qloss0.9": 0.4911514136715626, "train-uUB-qloss0.95": 0.5127806507480518, "train-uUB-qloss1": 0.5344098878245405}}