{"eval_criterium": {"train-uUB-mae": 1, "test-uUB-qloss0.9": 1}, "config346": {"SATS_domain": "SRVM", "bidder_type": "regional", "num_test_data": 8192, "num_val_data": 0, "num_train_data": 100, "data_gen_method": "admissible_random_uniform", "q": [0, 0.6, 0.75, 0.9, 0.95, 1], "seeds": [1, 2, 3, 4, 5, 6, 7, 8, 9, 10, 11, 12, 13, 14, 15, 16, 17, 18, 19, 20, 21, 22, 23, 24, 25, 26, 27, 28, 29, 30, 31, 32, 33, 34, 35, 36, 37, 38, 39, 40, 41, 42, 43, 44, 45, 46, 47, 48, 49, 50, 51, 52, 53, 54, 55, 56, 57, 58, 59, 60, 61, 62, 63, 64, 65, 66, 67, 68, 69, 70, 71, 72, 73, 74, 75, 76, 77, 78, 79, 80, 81, 82, 83, 84, 85, 86, 87, 88, 89, 90, 91, 92, 93, 94, 95, 96, 97, 98, 99, 100], "network_type": "MVNN", "batch_size": 25, "epochs": 1750, "l2": 7.035824716514547e-08, "loss_func": "torch.nn.SmoothL1Loss(beta=1 / 64)", "lr": 0.005431331848116006, "num_hidden_layers": 2, "num_hidden_units": 32, "architecture": [32, 2], "dropout_prob": 0.19230316225401334, "dropout_prob_decay": 0.8051070300977354, "optimizer": "Adam", "clip_grad_norm": 0.008537270427284716, "n_aug": 352, "pi_sqr": 1, "pi_exp": 0.0022087814015999407, "pi_above_mean": 104.22760778289056, "c_exp": 103.3450720241165, "init_method": "custom", "random_ts": [0, 1], "trainable_ts": false, "init_E": 1.2716311405726883, "init_Var": 0.03243895726413035, "init_b": 0.05, "init_bias": 0.05, "init_little_const": 0.1, "lin_skip_connection": false}, "results": {"test-scaled-r2": 0.9962816517692384, "test-scaled-kendall_tau": 0.9482114726209124, "test-scaled-mae": 0.006715527082119479, "test-scaled-qloss0": 0.003583792619424457, "test-scaled-qloss0.6": 0.0033125577253867947, "test-scaled-qloss0.75": 0.0032447490018773805, "test-scaled-qloss0.9": 0.0031769402783679663, "test-scaled-qloss0.95": 0.003154337370531492, "test-scaled-qloss1": 0.003131734462695022, "test-scaled-uUB-r2": 0.9883570029127027, "test-scaled-uUB-mae": 0.01110894642279618, "test-scaled-uUB-qloss0": 0.009220041436678912, "test-scaled-uUB-qloss0.6": 0.004821359566341926, "test-scaled-uUB-qloss0.75": 0.003721689098757679, "test-scaled-uUB-qloss0.9": 0.0026220186311734315, "test-scaled-uUB-qloss0.95": 0.0022554618086453497, "test-scaled-uUB-qloss1": 0.001888904986117268, "test-r2": 0.9962816517692384, "test-kendall_tau": 0.9482114726209124, "test-mae": 13.169791767679648, "test-qloss0": 7.0366378200119115, "test-qloss0.6": 6.494547496605411, "test-qloss0.75": 6.3590249157537855, "test-qloss0.9": 6.223502334902155, "test-qloss0.95": 6.178328141284948, "test-qloss1": 6.133153947667738, "test-uUB-r2": 0.9883570029127027, "test-uUB-mae": 21.848574426087435, "test-uUB-qloss0": 18.154238406887806, "test-uUB-qloss0.6": 9.478296974274901, "test-uUB-qloss0.75": 7.309311616121676, "test-uUB-qloss0.9": 5.14032625796845, "test-uUB-qloss0.95": 4.41733113858404, "test-uUB-qloss1": 3.6943360191996293, "test-0-to-0": 1.0, "test-uUB-0-to-0": 1.0, "test-monotonicity_satisfied": 1.0, "test-uUB-monotonicity_satisfied": 1.0, "train-best_epoch": 1699.94, "train-attempts": 1.0, "train-best_attempt": 1.0, "train-time_min": 1.4578379006666662, "train-loss": 1.1169495484928404e-05, "train-loss_a": 9.47700155632164e-06, "train-loss_b": 3.822074842105977e-07, "train-loss_c": 1.3102864356717702e-06, "train-scaled-r2": 0.9999951613363919, "train-scaled-kendall_tau": 0.9956292718031676, "train-scaled-mae": 0.00019227381497621544, "train-scaled-qloss0": 9.589465111494066e-05, "train-scaled-qloss0.6": 9.61853587627411e-05, "train-scaled-qloss0.75": 9.625803567469119e-05, "train-scaled-qloss0.9": 9.633071258664135e-05, "train-scaled-qloss0.95": 9.635493822395804e-05, "train-scaled-qloss1": 9.637916386127472e-05, "train-scaled-uUB-r2": 0.9999988225825852, "train-scaled-uUB-mae": 5.6716087460517876e-05, "train-scaled-uUB-qloss0": 4.892009496688841e-06, "train-scaled-uUB-qloss0.6": 3.3051250576972955e-05, "train-scaled-uUB-qloss0.75": 4.009106084704401e-05, "train-scaled-uUB-qloss0.9": 4.713087111711503e-05, "train-scaled-uUB-qloss0.95": 4.947747454047203e-05, "train-scaled-uUB-qloss1": 5.182407796382902e-05, "train-r2": 0.9999951613363919, "train-kendall_tau": 0.9956292718031676, "train-mae": 0.3690897805285102, "train-qloss0": 0.18433288635083916, "train-qloss0.6": 0.18458729104693825, "train-qloss0.75": 0.18465089222096304, "train-qloss0.9": 0.18471449339498786, "train-qloss0.95": 0.18473569378632934, "train-qloss1": 0.18475689417767097, "train-uUB-r2": 0.9999988225825852, "train-uUB-mae": 0.11604341468249274, "train-uUB-qloss0": 0.010057125033499328, "train-uUB-qloss0.6": 0.06761462380279579, "train-uUB-qloss0.75": 0.08200399849511991, "train-uUB-qloss0.9": 0.09639337318744401, "train-uUB-qloss0.95": 0.10118983141821872, "train-uUB-qloss1": 0.10598628964899345}}